{"cameraMode":{"drawMode":0,"name":"Shaded","section":"Shading Mode"},"sceneLighting":false,"audioPlay":false,"sceneViewState":{"m_AlwaysRefresh":false,"showFog":true,"showSkybox":false,"showFlares":true,"showImageEffects":true,"showParticleSystems":true,"showVisualEffectGraphs":true,"m_FxEnabled":true},"in2DMode":false,"pivot":{"x":-1.9596028327941895,"y":0.9515109658241272,"z":-1.833876371383667},"rotation":{"x":0.05803922936320305,"y":-0.06375125795602799,"z":-0.0037129237316548826,"w":-0.9962764382362366},"size":7.450142860412598,"orthographic":false}