{"cameraMode":{"drawMode":0,"name":"Shaded","section":"Shading Mode"},"sceneLighting":false,"audioPlay":false,"sceneViewState":{"m_AlwaysRefresh":false,"showFog":true,"showSkybox":false,"showFlares":true,"showImageEffects":true,"showParticleSystems":true,"showVisualEffectGraphs":true,"m_FxEnabled":true},"in2DMode":false,"pivot":{"x":2.819999933242798,"y":1.2759040594100953,"z":-2.6999998092651369},"rotation":{"x":0.06628940254449845,"y":-0.8630247116088867,"z":0.11748655885457993,"w":0.4868323504924774},"size":1.5306251049041749,"orthographic":false}