Using pre-set license
Built from '2022.3/staging' branch; Version is '2022.3.15f1 (b58023a2b463) revision 11894819'; Using compiler version '192829333'; Build Type 'Release'
OS: 'Windows 10  (10.0.19045) 64bit Core' Language: 'ko' Physical Memory: 16294 MB
BatchMode: 1, IsHumanControllingUs: 0, StartBugReporterOnCrash: 0, Is64bit: 1, IsPro: 1

COMMAND LINE ARGUMENTS:
C:\Program Files\Unity\Hub\Editor\2022.3.15f1\Editor\Unity.exe
-adb2
-batchMode
-noUpm
-name
AssetImportWorker4
-projectPath
C:/Users/Administrator/Documents/GitHub/Fall-Guys/Fall Guys
-logFile
Logs/AssetImportWorker4.log
-srvPort
51145
Successfully changed project path to: C:/Users/Administrator/Documents/GitHub/Fall-Guys/Fall Guys
C:/Users/Administrator/Documents/GitHub/Fall-Guys/Fall Guys
[UnityMemory] Configuration Parameters - Can be set up in boot.config
    "memorysetup-bucket-allocator-granularity=16"
    "memorysetup-bucket-allocator-bucket-count=8"
    "memorysetup-bucket-allocator-block-size=33554432"
    "memorysetup-bucket-allocator-block-count=8"
    "memorysetup-main-allocator-block-size=16777216"
    "memorysetup-thread-allocator-block-size=16777216"
    "memorysetup-gfx-main-allocator-block-size=16777216"
    "memorysetup-gfx-thread-allocator-block-size=16777216"
    "memorysetup-cache-allocator-block-size=4194304"
    "memorysetup-typetree-allocator-block-size=2097152"
    "memorysetup-profiler-bucket-allocator-granularity=16"
    "memorysetup-profiler-bucket-allocator-bucket-count=8"
    "memorysetup-profiler-bucket-allocator-block-size=33554432"
    "memorysetup-profiler-bucket-allocator-block-count=8"
    "memorysetup-profiler-allocator-block-size=16777216"
    "memorysetup-profiler-editor-allocator-block-size=1048576"
    "memorysetup-temp-allocator-size-main=16777216"
    "memorysetup-job-temp-allocator-block-size=2097152"
    "memorysetup-job-temp-allocator-block-size-background=1048576"
    "memorysetup-job-temp-allocator-reduction-small-platforms=262144"
    "memorysetup-allocator-temp-initial-block-size-main=262144"
    "memorysetup-allocator-temp-initial-block-size-worker=262144"
    "memorysetup-temp-allocator-size-background-worker=32768"
    "memorysetup-temp-allocator-size-job-worker=262144"
    "memorysetup-temp-allocator-size-preload-manager=33554432"
    "memorysetup-temp-allocator-size-nav-mesh-worker=65536"
    "memorysetup-temp-allocator-size-audio-worker=65536"
    "memorysetup-temp-allocator-size-cloud-worker=32768"
    "memorysetup-temp-allocator-size-gi-baking-worker=262144"
    "memorysetup-temp-allocator-size-gfx=262144"
Player connection [6948] Host "[IP] 192.168.0.75 [Port] 0 [Flags] 2 [Guid] 1558184807 [EditorId] 1558184807 [Version] 1048832 [Id] WindowsEditor(7,I-12) [Debug] 1 [PackageName] WindowsEditor [ProjectName] Editor" joined multi-casting on [225.0.0.222:54997]...

Player connection [6948] Host "[IP] 192.168.0.75 [Port] 0 [Flags] 2 [Guid] 1558184807 [EditorId] 1558184807 [Version] 1048832 [Id] WindowsEditor(7,I-12) [Debug] 1 [PackageName] WindowsEditor [ProjectName] Editor" joined alternative multi-casting on [225.0.0.222:34997]...

[Physics::Module] Initialized MultithreadedJobDispatcher with 15 workers.
Refreshing native plugins compatible for Editor in 6.46 ms, found 3 plugins.
Preloading 0 native plugins for Editor in 0.00 ms.
Initialize engine version: 2022.3.15f1 (b58023a2b463)
[Subsystems] Discovering subsystems at path C:/Program Files/Unity/Hub/Editor/2022.3.15f1/Editor/Data/Resources/UnitySubsystems
[Subsystems] Discovering subsystems at path C:/Users/Administrator/Documents/GitHub/Fall-Guys/Fall Guys/Assets
GfxDevice: creating device client; threaded=0; jobified=0
Direct3D:
    Version:  Direct3D 11.0 [level 11.1]
    Renderer: NVIDIA GeForce GTX 1660 (ID=0x2184)
    Vendor:   NVIDIA
    VRAM:     5966 MB
    Driver:   32.0.15.6094
Initialize mono
Mono path[0] = 'C:/Program Files/Unity/Hub/Editor/2022.3.15f1/Editor/Data/Managed'
Mono path[1] = 'C:/Program Files/Unity/Hub/Editor/2022.3.15f1/Editor/Data/MonoBleedingEdge/lib/mono/unityjit-win32'
Mono config path = 'C:/Program Files/Unity/Hub/Editor/2022.3.15f1/Editor/Data/MonoBleedingEdge/etc'
Using monoOptions --debugger-agent=transport=dt_socket,embedding=1,server=y,suspend=n,address=127.0.0.1:56652
Begin MonoManager ReloadAssembly
Registering precompiled unity dll's ...
Register platform support module: C:/Program Files/Unity/Hub/Editor/2022.3.15f1/Editor/Data/PlaybackEngines/WindowsStandaloneSupport/UnityEditor.WindowsStandalone.Extensions.dll
Registered in 0.003484 seconds.
- Loaded All Assemblies, in  0.284 seconds
Native extension for WindowsStandalone target not found
Mono: successfully reloaded assembly
- Finished resetting the current domain, in  0.224 seconds
Domain Reload Profiling: 507ms
	BeginReloadAssembly (89ms)
		ExecutionOrderSort (0ms)
		DisableScriptedObjects (0ms)
		BackupInstance (0ms)
		ReleaseScriptingObjects (0ms)
		CreateAndSetChildDomain (1ms)
	RebuildCommonClasses (28ms)
	RebuildNativeTypeToScriptingClass (9ms)
	initialDomainReloadingComplete (42ms)
	LoadAllAssembliesAndSetupDomain (114ms)
		LoadAssemblies (89ms)
		RebuildTransferFunctionScriptingTraits (0ms)
		AnalyzeDomain (113ms)
			TypeCache.Refresh (112ms)
				TypeCache.ScanAssembly (100ms)
			ScanForSourceGeneratedMonoScriptInfo (0ms)
			ResolveRequiredComponents (0ms)
	FinalizeReload (224ms)
		ReleaseScriptCaches (0ms)
		RebuildScriptCaches (0ms)
		SetupLoadedEditorAssemblies (176ms)
			LogAssemblyErrors (0ms)
			InitializePlatformSupportModulesInManaged (7ms)
			SetLoadedEditorAssemblies (6ms)
			RefreshPlugins (0ms)
			BeforeProcessingInitializeOnLoad (2ms)
			ProcessInitializeOnLoadAttributes (123ms)
			ProcessInitializeOnLoadMethodAttributes (38ms)
			AfterProcessingInitializeOnLoad (0ms)
			EditorAssembliesLoaded (0ms)
		ExecutionOrderSort2 (0ms)
		AwakeInstancesAfterBackupRestoration (0ms)
========================================================================
Worker process is ready to serve import requests
Begin MonoManager ReloadAssembly
- Loaded All Assemblies, in  0.584 seconds
Refreshing native plugins compatible for Editor in 2.47 ms, found 3 plugins.
Native extension for WindowsStandalone target not found
Mono: successfully reloaded assembly
- Finished resetting the current domain, in  0.658 seconds
Domain Reload Profiling: 1243ms
	BeginReloadAssembly (121ms)
		ExecutionOrderSort (0ms)
		DisableScriptedObjects (5ms)
		BackupInstance (0ms)
		ReleaseScriptingObjects (0ms)
		CreateAndSetChildDomain (17ms)
	RebuildCommonClasses (27ms)
	RebuildNativeTypeToScriptingClass (9ms)
	initialDomainReloadingComplete (32ms)
	LoadAllAssembliesAndSetupDomain (394ms)
		LoadAssemblies (254ms)
		RebuildTransferFunctionScriptingTraits (0ms)
		AnalyzeDomain (211ms)
			TypeCache.Refresh (187ms)
				TypeCache.ScanAssembly (167ms)
			ScanForSourceGeneratedMonoScriptInfo (17ms)
			ResolveRequiredComponents (6ms)
	FinalizeReload (659ms)
		ReleaseScriptCaches (0ms)
		RebuildScriptCaches (0ms)
		SetupLoadedEditorAssemblies (527ms)
			LogAssemblyErrors (0ms)
			InitializePlatformSupportModulesInManaged (4ms)
			SetLoadedEditorAssemblies (4ms)
			RefreshPlugins (0ms)
			BeforeProcessingInitializeOnLoad (50ms)
			ProcessInitializeOnLoadAttributes (446ms)
			ProcessInitializeOnLoadMethodAttributes (18ms)
			AfterProcessingInitializeOnLoad (5ms)
			EditorAssembliesLoaded (0ms)
		ExecutionOrderSort2 (0ms)
		AwakeInstancesAfterBackupRestoration (6ms)
Launched and connected shader compiler UnityShaderCompiler.exe after 0.02 seconds
Refreshing native plugins compatible for Editor in 2.02 ms, found 3 plugins.
Preloading 0 native plugins for Editor in 0.00 ms.
Unloading 3619 Unused Serialized files (Serialized files now loaded: 0)
Unloading 57 unused Assets / (1.3 MB). Loaded Objects now: 4066.
Memory consumption went from 220.6 MB to 219.3 MB.
Total: 2.922300 ms (FindLiveObjects: 0.271400 ms CreateObjectMapping: 0.399700 ms MarkObjects: 1.983700 ms  DeleteObjects: 0.266800 ms)

AssetImportParameters requested are different than current active one (requested -> active):
  custom:container-demuxer-ogg: 62fdf1f143b41e24485cea50d1cbac27 -> 
  custom:video-decoder-ogg-theora: a1e56fd34408186e4bbccfd4996cb3dc -> 
  custom:framework-win-MediaFoundation: 216162199b28c13a410421893ffa2e32 -> 
  custom:CustomObjectIndexerAttribute: 43b350a4d6e6d1791af0b5038c4bea17 -> 
  custom:container-demuxer-webm: 4f35f7cbe854078d1ac9338744f61a02 -> 
  custom:container-muxer-webm: aa71ff27fc2769a1b78a27578f13a17b -> 
  custom:video-decoder-webm-vp8: 9c59270c3fd7afecdb556c50c9e8de78 -> 
  custom:SearchIndexIgnoredProperties: e643bd26f0fe6173181afceb89e7c659 -> 
  custom:AudioImporter_EditorPlatform: d09bf68614088b80899f8185d706f6e7 -> 
  custom:video-encoder-webm-vp8: eb34c28f22e8b96e1ab97ce403110664 -> 
  custom:audio-decoder-ogg-vorbis: bf7c407c2cedff20999df2af8eb42d56 -> 
  custom:audio-encoder-webm-vorbis: bf7c407c2cedff20999df2af8eb42d56 -> 
========================================================================
Received Import Request.
  Time since last request: 2296.068899 seconds.
  path: Assets/POLY STYLE - Platformer Starter Pack/Platformer Starter Pack_URP/Settings
  artifactKey: Guid(0735c275001a2c84dafdb30deced5d8d) Importer(815301076,1909f56bfc062723c751e8b465ee728b)
Start importing Assets/POLY STYLE - Platformer Starter Pack/Platformer Starter Pack_URP/Settings using Guid(0735c275001a2c84dafdb30deced5d8d) Importer(815301076,1909f56bfc062723c751e8b465ee728b)  -> (artifact id: '750485325ad293398caa86bc3c17a04a') in 0.002163 seconds
Number of updated asset objects reloaded before import = 0
Number of asset objects unloaded after import = 0
========================================================================
Received Import Request.
  Time since last request: 0.061319 seconds.
  path: Assets/POLY STYLE - Platformer Starter Pack/Platformer Starter Pack_URP/Settings/ForwardRenderer.asset
  artifactKey: Guid(4a8e21d5c33334b11b34a596161b9360) Importer(815301076,1909f56bfc062723c751e8b465ee728b)
Start importing Assets/POLY STYLE - Platformer Starter Pack/Platformer Starter Pack_URP/Settings/ForwardRenderer.asset using Guid(4a8e21d5c33334b11b34a596161b9360) Importer(815301076,1909f56bfc062723c751e8b465ee728b)  -> (artifact id: '78f3403f5576ee168cdd755439fde8fe') in 0.002349 seconds
Number of updated asset objects reloaded before import = 0
Number of asset objects unloaded after import = 2
========================================================================
Received Import Request.
  Time since last request: 2.272795 seconds.
  path: Assets/POLY STYLE - Platformer Starter Pack/Platformer Starter Pack_URP/Art
  artifactKey: Guid(679bbe32338fbe8418aa52d1eb89c1b3) Importer(815301076,1909f56bfc062723c751e8b465ee728b)
Start importing Assets/POLY STYLE - Platformer Starter Pack/Platformer Starter Pack_URP/Art using Guid(679bbe32338fbe8418aa52d1eb89c1b3) Importer(815301076,1909f56bfc062723c751e8b465ee728b)  -> (artifact id: '1dbf046bd4300e317aa54a01f18e7fd5') in 0.000328 seconds
Number of updated asset objects reloaded before import = 0
Number of asset objects unloaded after import = 0
========================================================================
Received Import Request.
  Time since last request: 1.183195 seconds.
  path: Assets/POLY STYLE - Platformer Starter Pack/Platformer Starter Pack_URP/Art/Meshes
  artifactKey: Guid(d0bb46de673bcf745bbeb786cdd68677) Importer(815301076,1909f56bfc062723c751e8b465ee728b)
Start importing Assets/POLY STYLE - Platformer Starter Pack/Platformer Starter Pack_URP/Art/Meshes using Guid(d0bb46de673bcf745bbeb786cdd68677) Importer(815301076,1909f56bfc062723c751e8b465ee728b)  -> (artifact id: 'f4658c47fd921ec3a843720fcffdac8e') in 0.000332 seconds
Number of updated asset objects reloaded before import = 0
Number of asset objects unloaded after import = 0
========================================================================
Received Import Request.
  Time since last request: 1.414981 seconds.
  path: Assets/POLY STYLE - Platformer Starter Pack/Platformer Starter Pack_URP/Art/Meshes/Environments
  artifactKey: Guid(5406a61fe100b3c439cfe3758f1fc27a) Importer(815301076,1909f56bfc062723c751e8b465ee728b)
Start importing Assets/POLY STYLE - Platformer Starter Pack/Platformer Starter Pack_URP/Art/Meshes/Environments using Guid(5406a61fe100b3c439cfe3758f1fc27a) Importer(815301076,1909f56bfc062723c751e8b465ee728b)  -> (artifact id: 'c4aebec030a7253b64c969e8492719e5') in 0.000340 seconds
Number of updated asset objects reloaded before import = 0
Number of asset objects unloaded after import = 0
========================================================================
Received Import Request.
  Time since last request: 0.074386 seconds.
  path: Assets/POLY STYLE - Platformer Starter Pack/Platformer Starter Pack_URP/Art/Meshes/Environments/Meshes.fbx
  artifactKey: Guid(32812f864ffc68f45aa97b19014b7867) Importer(815301076,1909f56bfc062723c751e8b465ee728b)
Start importing Assets/POLY STYLE - Platformer Starter Pack/Platformer Starter Pack_URP/Art/Meshes/Environments/Meshes.fbx using Guid(32812f864ffc68f45aa97b19014b7867) Importer(815301076,1909f56bfc062723c751e8b465ee728b)  -> (artifact id: 'b4e6dfbcadb3d352ed2b10f6f89104de') in 0.310988 seconds
Number of updated asset objects reloaded before import = 0
Number of asset objects unloaded after import = 273
========================================================================
Received Import Request.
  Time since last request: 5.571234 seconds.
  path: Assets/POLY STYLE - Platformer Starter Pack/Platformer Starter Pack_URP/Art/Materials
  artifactKey: Guid(d0234ba368eeec9418390da711bfdad0) Importer(815301076,1909f56bfc062723c751e8b465ee728b)
Start importing Assets/POLY STYLE - Platformer Starter Pack/Platformer Starter Pack_URP/Art/Materials using Guid(d0234ba368eeec9418390da711bfdad0) Importer(815301076,1909f56bfc062723c751e8b465ee728b)  -> (artifact id: '49939ea77e52c8756150b1e13ca21d1b') in 0.000560 seconds
Number of updated asset objects reloaded before import = 0
Number of asset objects unloaded after import = 0
========================================================================
Received Import Request.
  Time since last request: 0.086317 seconds.
  path: Assets/POLY STYLE - Platformer Starter Pack/Platformer Starter Pack_URP/Art/Materials/Skybox_Mat.mat
  artifactKey: Guid(0ffaa0b7117ba8c47a9d05ae701d4b4d) Importer(815301076,1909f56bfc062723c751e8b465ee728b)
Start importing Assets/POLY STYLE - Platformer Starter Pack/Platformer Starter Pack_URP/Art/Materials/Skybox_Mat.mat using Guid(0ffaa0b7117ba8c47a9d05ae701d4b4d) Importer(815301076,1909f56bfc062723c751e8b465ee728b)  -> (artifact id: 'c5b87451eb3c9cfb629ae00ea4ae5fde') in 0.022213 seconds
Number of updated asset objects reloaded before import = 0
Number of asset objects unloaded after import = 2
========================================================================
Received Import Request.
  Time since last request: 0.801366 seconds.
  path: Assets/POLY STYLE - Platformer Starter Pack/Platformer Starter Pack_URP/Art/Textures/SkyColor.png
  artifactKey: Guid(0b045f30bfc32464780c25865b113dfd) Importer(815301076,1909f56bfc062723c751e8b465ee728b)
Start importing Assets/POLY STYLE - Platformer Starter Pack/Platformer Starter Pack_URP/Art/Textures/SkyColor.png using Guid(0b045f30bfc32464780c25865b113dfd) Importer(815301076,1909f56bfc062723c751e8b465ee728b)  -> (artifact id: 'b0fa8ae76f6316973bdd64450be0e2ac') in 0.012098 seconds
Number of updated asset objects reloaded before import = 0
Number of asset objects unloaded after import = 2
========================================================================
Received Import Request.
  Time since last request: 70.676722 seconds.
  path: Assets/POLY STYLE - Platformer Starter Pack/Platformer Starter Pack_URP/Art/Materials/Skybox_Mat.mat
  artifactKey: Guid(0ffaa0b7117ba8c47a9d05ae701d4b4d) Importer(815301076,1909f56bfc062723c751e8b465ee728b)
Start importing Assets/POLY STYLE - Platformer Starter Pack/Platformer Starter Pack_URP/Art/Materials/Skybox_Mat.mat using Guid(0ffaa0b7117ba8c47a9d05ae701d4b4d) Importer(815301076,1909f56bfc062723c751e8b465ee728b)  -> (artifact id: '659f7d984ff3df40657eb0ffd5075188') in 0.005428 seconds
Number of updated asset objects reloaded before import = 0
Number of asset objects unloaded after import = 2
========================================================================
Received Import Request.
  Time since last request: 242.608144 seconds.
  path: Assets/GuiPack2DFree
  artifactKey: Guid(78d7cd4cd6d3546bab70bffecf4c7953) Importer(815301076,1909f56bfc062723c751e8b465ee728b)
Start importing Assets/GuiPack2DFree using Guid(78d7cd4cd6d3546bab70bffecf4c7953) Importer(815301076,1909f56bfc062723c751e8b465ee728b)  -> (artifact id: 'b0ae9609deba69025228ccd621910737') in 0.000403 seconds
Number of updated asset objects reloaded before import = 0
Number of asset objects unloaded after import = 0
========================================================================
Received Import Request.
  Time since last request: 2.461929 seconds.
  path: Assets/GuiPack2DFree/Sprites
  artifactKey: Guid(7686db247789a476b900a5e6fc39be61) Importer(815301076,1909f56bfc062723c751e8b465ee728b)
Start importing Assets/GuiPack2DFree/Sprites using Guid(7686db247789a476b900a5e6fc39be61) Importer(815301076,1909f56bfc062723c751e8b465ee728b)  -> (artifact id: 'f84b9104de0937e3dff58b8843d2d613') in 0.000348 seconds
Number of updated asset objects reloaded before import = 0
Number of asset objects unloaded after import = 0
========================================================================
Received Import Request.
  Time since last request: 2.910783 seconds.
  path: Assets/GuiPack2DFree/Prefabs
  artifactKey: Guid(ff78ef8bffc204fad9dabf724ec475d2) Importer(815301076,1909f56bfc062723c751e8b465ee728b)
Start importing Assets/GuiPack2DFree/Prefabs using Guid(ff78ef8bffc204fad9dabf724ec475d2) Importer(815301076,1909f56bfc062723c751e8b465ee728b)  -> (artifact id: 'd044dcde281cfd7f2780adfe4e963832') in 0.000444 seconds
Number of updated asset objects reloaded before import = 0
Number of asset objects unloaded after import = 0
========================================================================
Received Import Request.
  Time since last request: 0.072607 seconds.
  path: Assets/GuiPack2DFree/Prefabs/AudioManager.prefab
  artifactKey: Guid(91d6aed44039f468c9bba7c4e749257c) Importer(815301076,1909f56bfc062723c751e8b465ee728b)
Start importing Assets/GuiPack2DFree/Prefabs/AudioManager.prefab using Guid(91d6aed44039f468c9bba7c4e749257c) Importer(815301076,1909f56bfc062723c751e8b465ee728b)  -> (artifact id: '965d89a93d886aeac1ee5de8dd53c2a3') in 0.002055 seconds
Number of updated asset objects reloaded before import = 0
Number of asset objects unloaded after import = 11
========================================================================
Received Import Request.
  Time since last request: 0.000009 seconds.
  path: Assets/GuiPack2DFree/Prefabs/PopupSystem.prefab
  artifactKey: Guid(d4a266ee22556434695778872bc1082d) Importer(815301076,1909f56bfc062723c751e8b465ee728b)
Start importing Assets/GuiPack2DFree/Prefabs/PopupSystem.prefab using Guid(d4a266ee22556434695778872bc1082d) Importer(815301076,1909f56bfc062723c751e8b465ee728b)  -> (artifact id: 'bc31e478ed8405b1f6a0b637a7240c29') in 0.002499 seconds
Number of updated asset objects reloaded before import = 0
Number of asset objects unloaded after import = 10
========================================================================
Received Import Request.
  Time since last request: 1.167439 seconds.
  path: Assets/GuiPack2DFree/Prefabs/Buttons
  artifactKey: Guid(c26412546985d4b80a418db455455d3a) Importer(815301076,1909f56bfc062723c751e8b465ee728b)
Start importing Assets/GuiPack2DFree/Prefabs/Buttons using Guid(c26412546985d4b80a418db455455d3a) Importer(815301076,1909f56bfc062723c751e8b465ee728b)  -> (artifact id: '477ea5e7d3447b482ed4546f09c8d2de') in 0.000349 seconds
Number of updated asset objects reloaded before import = 0
Number of asset objects unloaded after import = 0
========================================================================
Received Import Request.
  Time since last request: 0.072680 seconds.
  path: Assets/GuiPack2DFree/Prefabs/Buttons/Button Plus - Green.prefab
  artifactKey: Guid(8da36407e46e34479939e2056b69cf75) Importer(815301076,1909f56bfc062723c751e8b465ee728b)
Start importing Assets/GuiPack2DFree/Prefabs/Buttons/Button Plus - Green.prefab using Guid(8da36407e46e34479939e2056b69cf75) Importer(815301076,1909f56bfc062723c751e8b465ee728b)  -> (artifact id: 'a0d680debcb9f06cc6565fdf8e777793') in 0.005503 seconds
Number of updated asset objects reloaded before import = 0
Number of asset objects unloaded after import = 16
========================================================================
Received Import Request.
  Time since last request: 0.000020 seconds.
  path: Assets/GuiPack2DFree/Prefabs/Buttons/Button_Yellow.prefab
  artifactKey: Guid(6ff69ca6d989c40f5988304034b5cf90) Importer(815301076,1909f56bfc062723c751e8b465ee728b)
Start importing Assets/GuiPack2DFree/Prefabs/Buttons/Button_Yellow.prefab using Guid(6ff69ca6d989c40f5988304034b5cf90) Importer(815301076,1909f56bfc062723c751e8b465ee728b)  -> (artifact id: '1fd11053c1812b30a170ebbf52228b8d') in 0.032881 seconds
Number of updated asset objects reloaded before import = 0
Number of asset objects unloaded after import = 23
========================================================================
Received Import Request.
  Time since last request: 0.000022 seconds.
  path: Assets/GuiPack2DFree/Prefabs/Buttons/Button_Green.prefab
  artifactKey: Guid(d637f182a64714b3cb7ff2b8afd60189) Importer(815301076,1909f56bfc062723c751e8b465ee728b)
Start importing Assets/GuiPack2DFree/Prefabs/Buttons/Button_Green.prefab using Guid(d637f182a64714b3cb7ff2b8afd60189) Importer(815301076,1909f56bfc062723c751e8b465ee728b)  -> (artifact id: 'd0b5e53bad5e80aaa7999c66a6051463') in 0.016007 seconds
Number of updated asset objects reloaded before import = 0
Number of asset objects unloaded after import = 23
========================================================================
Received Import Request.
  Time since last request: 1.338796 seconds.
  path: Assets/GuiPack2DFree/Prefabs/Popup
  artifactKey: Guid(9df16ada4c56348f4a1c08f27d0aae0d) Importer(815301076,1909f56bfc062723c751e8b465ee728b)
Start importing Assets/GuiPack2DFree/Prefabs/Popup using Guid(9df16ada4c56348f4a1c08f27d0aae0d) Importer(815301076,1909f56bfc062723c751e8b465ee728b)  -> (artifact id: '936fb4217b057fa1391f95dd0d53e437') in 0.000415 seconds
Number of updated asset objects reloaded before import = 0
Number of asset objects unloaded after import = 0
========================================================================
Received Import Request.
  Time since last request: 0.065685 seconds.
  path: Assets/GuiPack2DFree/Prefabs/Popup/PopupBase.prefab
  artifactKey: Guid(ee79851c45e214d2d89d5f626f6e6240) Importer(815301076,1909f56bfc062723c751e8b465ee728b)
Start importing Assets/GuiPack2DFree/Prefabs/Popup/PopupBase.prefab using Guid(ee79851c45e214d2d89d5f626f6e6240) Importer(815301076,1909f56bfc062723c751e8b465ee728b)  -> (artifact id: '2e8b05b943fc2936f62def312d5ff5c8') in 0.029699 seconds
Number of updated asset objects reloaded before import = 0
Number of asset objects unloaded after import = 60
========================================================================
Received Import Request.
  Time since last request: 2.785839 seconds.
  path: Assets/GuiPack2DFree/Animations
  artifactKey: Guid(2d9534814d2674683a9842e13bb3c5d1) Importer(815301076,1909f56bfc062723c751e8b465ee728b)
Start importing Assets/GuiPack2DFree/Animations using Guid(2d9534814d2674683a9842e13bb3c5d1) Importer(815301076,1909f56bfc062723c751e8b465ee728b)  -> (artifact id: '635a604af8e29b82e99d6bcc63537ca1') in 0.000357 seconds
Number of updated asset objects reloaded before import = 0
Number of asset objects unloaded after import = 0
========================================================================
Received Import Request.
  Time since last request: 2.383042 seconds.
  path: Assets/GuiPack2DFree/Fonts
  artifactKey: Guid(46ee0a68ed9854ffe9c273cfe9ca8d96) Importer(815301076,1909f56bfc062723c751e8b465ee728b)
Start importing Assets/GuiPack2DFree/Fonts using Guid(46ee0a68ed9854ffe9c273cfe9ca8d96) Importer(815301076,1909f56bfc062723c751e8b465ee728b)  -> (artifact id: '18acd1468dd3edfb35d1174741c7105e') in 0.000352 seconds
Number of updated asset objects reloaded before import = 0
Number of asset objects unloaded after import = 0
========================================================================
Received Import Request.
  Time since last request: 1.271721 seconds.
  path: Assets/GuiPack2DFree/Popups
  artifactKey: Guid(d6b5aa3583a0442e5a6d25379d3e631e) Importer(815301076,1909f56bfc062723c751e8b465ee728b)
Start importing Assets/GuiPack2DFree/Popups using Guid(d6b5aa3583a0442e5a6d25379d3e631e) Importer(815301076,1909f56bfc062723c751e8b465ee728b)  -> (artifact id: '9785902a2bed8237bd5f65e0bad93dce') in 0.000349 seconds
Number of updated asset objects reloaded before import = 0
Number of asset objects unloaded after import = 0
========================================================================
Received Import Request.
  Time since last request: 1.342301 seconds.
  path: Assets/GuiPack2DFree/Popups/Scripts
  artifactKey: Guid(830f6421dfad049acae0f7c5a2001f85) Importer(815301076,1909f56bfc062723c751e8b465ee728b)
Start importing Assets/GuiPack2DFree/Popups/Scripts using Guid(830f6421dfad049acae0f7c5a2001f85) Importer(815301076,1909f56bfc062723c751e8b465ee728b)  -> (artifact id: '42a50fe87a01702f0cf62b24ddf11609') in 0.000374 seconds
Number of updated asset objects reloaded before import = 0
Number of asset objects unloaded after import = 0
========================================================================
Received Import Request.
  Time since last request: 1.438780 seconds.
  path: Assets/GuiPack2DFree/Popups/Prefabs
  artifactKey: Guid(c61f6c60cac68409eb63755c89b0c507) Importer(815301076,1909f56bfc062723c751e8b465ee728b)
Start importing Assets/GuiPack2DFree/Popups/Prefabs using Guid(c61f6c60cac68409eb63755c89b0c507) Importer(815301076,1909f56bfc062723c751e8b465ee728b)  -> (artifact id: '7bcda1d037b8763bb62507db24508413') in 0.000348 seconds
Number of updated asset objects reloaded before import = 0
Number of asset objects unloaded after import = 0
========================================================================
Received Prepare
Begin MonoManager ReloadAssembly
- Loaded All Assemblies, in  0.406 seconds
Refreshing native plugins compatible for Editor in 2.07 ms, found 3 plugins.
Native extension for WindowsStandalone target not found
Mono: successfully reloaded assembly
- Finished resetting the current domain, in  0.838 seconds
Domain Reload Profiling: 1244ms
	BeginReloadAssembly (150ms)
		ExecutionOrderSort (0ms)
		DisableScriptedObjects (4ms)
		BackupInstance (0ms)
		ReleaseScriptingObjects (0ms)
		CreateAndSetChildDomain (49ms)
	RebuildCommonClasses (29ms)
	RebuildNativeTypeToScriptingClass (10ms)
	initialDomainReloadingComplete (24ms)
	LoadAllAssembliesAndSetupDomain (191ms)
		LoadAssemblies (247ms)
		RebuildTransferFunctionScriptingTraits (0ms)
		AnalyzeDomain (15ms)
			TypeCache.Refresh (7ms)
				TypeCache.ScanAssembly (0ms)
			ScanForSourceGeneratedMonoScriptInfo (0ms)
			ResolveRequiredComponents (7ms)
	FinalizeReload (839ms)
		ReleaseScriptCaches (0ms)
		RebuildScriptCaches (0ms)
		SetupLoadedEditorAssemblies (559ms)
			LogAssemblyErrors (0ms)
			InitializePlatformSupportModulesInManaged (5ms)
			SetLoadedEditorAssemblies (5ms)
			RefreshPlugins (0ms)
			BeforeProcessingInitializeOnLoad (56ms)
			ProcessInitializeOnLoadAttributes (472ms)
			ProcessInitializeOnLoadMethodAttributes (19ms)
			AfterProcessingInitializeOnLoad (2ms)
			EditorAssembliesLoaded (0ms)
		ExecutionOrderSort2 (0ms)
		AwakeInstancesAfterBackupRestoration (7ms)
Refreshing native plugins compatible for Editor in 2.30 ms, found 3 plugins.
Preloading 0 native plugins for Editor in 0.00 ms.
Unloading 3580 Unused Serialized files (Serialized files now loaded: 0)
Unloading 44 unused Assets / (1.3 MB). Loaded Objects now: 4116.
Memory consumption went from 219.0 MB to 217.7 MB.
Total: 3.050900 ms (FindLiveObjects: 0.329900 ms CreateObjectMapping: 0.281700 ms MarkObjects: 2.139000 ms  DeleteObjects: 0.299500 ms)

Prepare: number of updated asset objects reloaded= 0
AssetImportParameters requested are different than current active one (requested -> active):
  custom:container-demuxer-ogg: 62fdf1f143b41e24485cea50d1cbac27 -> 
  custom:video-decoder-ogg-theora: a1e56fd34408186e4bbccfd4996cb3dc -> 
  custom:framework-win-MediaFoundation: 216162199b28c13a410421893ffa2e32 -> 
  custom:CustomObjectIndexerAttribute: 43b350a4d6e6d1791af0b5038c4bea17 -> 
  custom:container-demuxer-webm: 4f35f7cbe854078d1ac9338744f61a02 -> 
  custom:container-muxer-webm: aa71ff27fc2769a1b78a27578f13a17b -> 
  custom:video-decoder-webm-vp8: 9c59270c3fd7afecdb556c50c9e8de78 -> 
  custom:SearchIndexIgnoredProperties: e643bd26f0fe6173181afceb89e7c659 -> 
  custom:AudioImporter_EditorPlatform: d09bf68614088b80899f8185d706f6e7 -> 
  custom:video-encoder-webm-vp8: eb34c28f22e8b96e1ab97ce403110664 -> 
  custom:audio-decoder-ogg-vorbis: bf7c407c2cedff20999df2af8eb42d56 -> 
  custom:audio-encoder-webm-vorbis: bf7c407c2cedff20999df2af8eb42d56 -> 
========================================================================
Received Import Request.
  Time since last request: 7.783293 seconds.
  path: Assets/GuiPack2DFree/Popups/Sprites/PopupPause
  artifactKey: Guid(25fd73a0d00ad4856a4f43d6615110ef) Importer(815301076,1909f56bfc062723c751e8b465ee728b)
Start importing Assets/GuiPack2DFree/Popups/Sprites/PopupPause using Guid(25fd73a0d00ad4856a4f43d6615110ef) Importer(815301076,1909f56bfc062723c751e8b465ee728b)  -> (artifact id: '680b08bf23c76bbf3dedf8ea16a7c4ae') in 0.003210 seconds
Number of updated asset objects reloaded before import = 0
Number of asset objects unloaded after import = 0
========================================================================
Received Import Request.
  Time since last request: 0.063939 seconds.
  path: Assets/GuiPack2DFree/Popups/Sprites/PopupPause/Clock.png
  artifactKey: Guid(18747fa44eb0746d9ba43b6ede2791d6) Importer(815301076,1909f56bfc062723c751e8b465ee728b)
Start importing Assets/GuiPack2DFree/Popups/Sprites/PopupPause/Clock.png using Guid(18747fa44eb0746d9ba43b6ede2791d6) Importer(815301076,1909f56bfc062723c751e8b465ee728b)  -> (artifact id: 'be9054e66dd9cfcb9ffd2817898fcc25') in 0.050422 seconds
Number of updated asset objects reloaded before import = 0
Number of asset objects unloaded after import = 3
========================================================================
Received Import Request.
  Time since last request: 2.621100 seconds.
  path: Assets/GuiPack2DFree/Popups/Sprites/PopupSettings
  artifactKey: Guid(ecc987fa1a5894e02835abeec8f07e5e) Importer(815301076,1909f56bfc062723c751e8b465ee728b)
Start importing Assets/GuiPack2DFree/Popups/Sprites/PopupSettings using Guid(ecc987fa1a5894e02835abeec8f07e5e) Importer(815301076,1909f56bfc062723c751e8b465ee728b)  -> (artifact id: '745152dacfdae45ac59ae806e08232c4') in 0.000458 seconds
Number of updated asset objects reloaded before import = 0
Number of asset objects unloaded after import = 0
========================================================================
Received Import Request.
  Time since last request: 0.060343 seconds.
  path: Assets/GuiPack2DFree/Popups/Sprites/PopupSettings/Music.png
  artifactKey: Guid(81537123965034db1ad14ce423168f77) Importer(815301076,1909f56bfc062723c751e8b465ee728b)
Start importing Assets/GuiPack2DFree/Popups/Sprites/PopupSettings/Music.png using Guid(81537123965034db1ad14ce423168f77) Importer(815301076,1909f56bfc062723c751e8b465ee728b)  -> (artifact id: '769c5545bf4ef660b69a717f68928454') in 0.024065 seconds
Number of updated asset objects reloaded before import = 0
Number of asset objects unloaded after import = 3
========================================================================
Received Import Request.
  Time since last request: 2.111962 seconds.
  path: Assets/GuiPack2DFree/Popups/Sprites/PopupAlert
  artifactKey: Guid(ca432f4a6bcb04f2cbbdbb7079fba0ae) Importer(815301076,1909f56bfc062723c751e8b465ee728b)
Start importing Assets/GuiPack2DFree/Popups/Sprites/PopupAlert using Guid(ca432f4a6bcb04f2cbbdbb7079fba0ae) Importer(815301076,1909f56bfc062723c751e8b465ee728b)  -> (artifact id: '23f7dbe4da366d8bd7d3e4f7c94f53c9') in 0.000403 seconds
Number of updated asset objects reloaded before import = 0
Number of asset objects unloaded after import = 0
========================================================================
Received Import Request.
  Time since last request: 0.061629 seconds.
  path: Assets/GuiPack2DFree/Popups/Sprites/PopupAlert/Header.png
  artifactKey: Guid(624c58519807f473db5a1d7237213000) Importer(815301076,1909f56bfc062723c751e8b465ee728b)
Start importing Assets/GuiPack2DFree/Popups/Sprites/PopupAlert/Header.png using Guid(624c58519807f473db5a1d7237213000) Importer(815301076,1909f56bfc062723c751e8b465ee728b)  -> (artifact id: '818e298e7bbaf17ec82afd25f17ebb62') in 0.029588 seconds
Number of updated asset objects reloaded before import = 0
Number of asset objects unloaded after import = 3
========================================================================
Received Import Request.
  Time since last request: 50.696935 seconds.
  path: Assets/GuiPack2DFree/Sprites/UI
  artifactKey: Guid(aa4c50d58b9724a9083bc127c9e7691d) Importer(815301076,1909f56bfc062723c751e8b465ee728b)
Start importing Assets/GuiPack2DFree/Sprites/UI using Guid(aa4c50d58b9724a9083bc127c9e7691d) Importer(815301076,1909f56bfc062723c751e8b465ee728b)  -> (artifact id: 'fdf54391f3d117e76733f46140303cda') in 0.000407 seconds
Number of updated asset objects reloaded before import = 0
Number of asset objects unloaded after import = 0
========================================================================
Received Import Request.
  Time since last request: 0.089787 seconds.
  path: Assets/GuiPack2DFree/Sprites/UI/Background.png
  artifactKey: Guid(0f6daa44ca3ce437f95a099f5f4c7cf6) Importer(815301076,1909f56bfc062723c751e8b465ee728b)
Start importing Assets/GuiPack2DFree/Sprites/UI/Background.png using Guid(0f6daa44ca3ce437f95a099f5f4c7cf6) Importer(815301076,1909f56bfc062723c751e8b465ee728b)  -> (artifact id: '1e307de7ad3639a0df4346a5c2a8b387') in 0.026776 seconds
Number of updated asset objects reloaded before import = 0
Number of asset objects unloaded after import = 3
========================================================================
Received Import Request.
  Time since last request: 0.000013 seconds.
  path: Assets/GuiPack2DFree/Sprites/UI/shadow.png
  artifactKey: Guid(6aef06de8b9ac40969788b72ddfee459) Importer(815301076,1909f56bfc062723c751e8b465ee728b)
Start importing Assets/GuiPack2DFree/Sprites/UI/shadow.png using Guid(6aef06de8b9ac40969788b72ddfee459) Importer(815301076,1909f56bfc062723c751e8b465ee728b)  -> (artifact id: '2488e282b0e4abf01ae1ee4a5e256e13') in 0.009023 seconds
Number of updated asset objects reloaded before import = 0
Number of asset objects unloaded after import = 3
========================================================================
Received Import Request.
  Time since last request: 1.408280 seconds.
  path: Assets/GuiPack2DFree/Sprites/UI/Popup
  artifactKey: Guid(2a0c49579dc2842bbb3e939445c2131c) Importer(815301076,1909f56bfc062723c751e8b465ee728b)
Start importing Assets/GuiPack2DFree/Sprites/UI/Popup using Guid(2a0c49579dc2842bbb3e939445c2131c) Importer(815301076,1909f56bfc062723c751e8b465ee728b)  -> (artifact id: '7a5311690d28b5eacf55af80a6a49add') in 0.000493 seconds
Number of updated asset objects reloaded before import = 0
Number of asset objects unloaded after import = 0
========================================================================
Received Import Request.
  Time since last request: 2.495299 seconds.
  path: Assets/GuiPack2DFree/Sprites/UI/Buttons
  artifactKey: Guid(8fe02286e270449018c61c8940f8af3d) Importer(815301076,1909f56bfc062723c751e8b465ee728b)
Start importing Assets/GuiPack2DFree/Sprites/UI/Buttons using Guid(8fe02286e270449018c61c8940f8af3d) Importer(815301076,1909f56bfc062723c751e8b465ee728b)  -> (artifact id: 'b6edda71e7fd7c5430da06f4de0aec20') in 0.000349 seconds
Number of updated asset objects reloaded before import = 0
Number of asset objects unloaded after import = 0
========================================================================
Received Import Request.
  Time since last request: 0.216798 seconds.
  path: Assets/GuiPack2DFree/Sprites/UI/Buttons/buttonClose.png
  artifactKey: Guid(8c4a00138b43644949669a7f543658dd) Importer(815301076,1909f56bfc062723c751e8b465ee728b)
Start importing Assets/GuiPack2DFree/Sprites/UI/Buttons/buttonClose.png using Guid(8c4a00138b43644949669a7f543658dd) Importer(815301076,1909f56bfc062723c751e8b465ee728b)  -> (artifact id: '393bdf3f4f18232f0eaa31766c64e176') in 0.029889 seconds
Number of updated asset objects reloaded before import = 0
Number of asset objects unloaded after import = 3
========================================================================
Received Import Request.
  Time since last request: 0.000026 seconds.
  path: Assets/GuiPack2DFree/Sprites/UI/Buttons/buttonSoundBackground.png
  artifactKey: Guid(ba5b430cb9fe941988c5fb9dba7c1693) Importer(815301076,1909f56bfc062723c751e8b465ee728b)
Start importing Assets/GuiPack2DFree/Sprites/UI/Buttons/buttonSoundBackground.png using Guid(ba5b430cb9fe941988c5fb9dba7c1693) Importer(815301076,1909f56bfc062723c751e8b465ee728b)  -> (artifact id: '0bcafc961644ef0f2e5b7a44da524dd2') in 0.019855 seconds
Number of updated asset objects reloaded before import = 0
Number of asset objects unloaded after import = 3
========================================================================
Received Import Request.
  Time since last request: 8.545927 seconds.
  path: Assets/GuiPack2DFree/Animations/GUI
  artifactKey: Guid(bc3ce91d091b74d4bae7318acfc9544b) Importer(815301076,1909f56bfc062723c751e8b465ee728b)
Start importing Assets/GuiPack2DFree/Animations/GUI using Guid(bc3ce91d091b74d4bae7318acfc9544b) Importer(815301076,1909f56bfc062723c751e8b465ee728b)  -> (artifact id: '628714599b8c171087d893e97c8cfb6b') in 0.000594 seconds
Number of updated asset objects reloaded before import = 0
Number of asset objects unloaded after import = 0
========================================================================
Received Import Request.
  Time since last request: 0.526280 seconds.
  path: Assets/GuiPack2DFree/Animations/GUI/Button
  artifactKey: Guid(8a803da30f3284438b9e97f37fbe3acf) Importer(815301076,1909f56bfc062723c751e8b465ee728b)
Start importing Assets/GuiPack2DFree/Animations/GUI/Button using Guid(8a803da30f3284438b9e97f37fbe3acf) Importer(815301076,1909f56bfc062723c751e8b465ee728b)  -> (artifact id: 'e3feeb979853585820bc4c23233bb617') in 0.000437 seconds
Number of updated asset objects reloaded before import = 0
Number of asset objects unloaded after import = 0
========================================================================
Received Import Request.
  Time since last request: 0.528999 seconds.
  path: Assets/GuiPack2DFree/Animations/GUI/Button/Button.controller
  artifactKey: Guid(c02765c8bce4541d18ac4ffc0e4d0d87) Importer(815301076,1909f56bfc062723c751e8b465ee728b)
Start importing Assets/GuiPack2DFree/Animations/GUI/Button/Button.controller using Guid(c02765c8bce4541d18ac4ffc0e4d0d87) Importer(815301076,1909f56bfc062723c751e8b465ee728b)  -> (artifact id: '26780adbb11d0b8fdcdaa12bfe949c59') in 0.002427 seconds
Number of updated asset objects reloaded before import = 0
Number of asset objects unloaded after import = 17
========================================================================
Received Import Request.
  Time since last request: 1.946680 seconds.
  path: Assets/GuiPack2DFree/Animations/Popups
  artifactKey: Guid(11fd71f37366d4b43a562e160c36ff14) Importer(815301076,1909f56bfc062723c751e8b465ee728b)
Start importing Assets/GuiPack2DFree/Animations/Popups using Guid(11fd71f37366d4b43a562e160c36ff14) Importer(815301076,1909f56bfc062723c751e8b465ee728b)  -> (artifact id: '8f7397334a6df24206f1519b95b49e70') in 0.000344 seconds
Number of updated asset objects reloaded before import = 0
Number of asset objects unloaded after import = 0
========================================================================
Received Import Request.
  Time since last request: 1.823335 seconds.
  path: Assets/GuiPack2DFree/Animations/Swing
  artifactKey: Guid(3574a20ddfa6043d6804a361b0574647) Importer(815301076,1909f56bfc062723c751e8b465ee728b)
Start importing Assets/GuiPack2DFree/Animations/Swing using Guid(3574a20ddfa6043d6804a361b0574647) Importer(815301076,1909f56bfc062723c751e8b465ee728b)  -> (artifact id: '954b59f9f0affaeb7ffeb378e8aa1402') in 0.000345 seconds
Number of updated asset objects reloaded before import = 0
Number of asset objects unloaded after import = 0
========================================================================
Received Import Request.
  Time since last request: 2.331278 seconds.
  path: Assets/GuiPack2DFree/Animations/Tilt
  artifactKey: Guid(bcc4806653768417d809d8242792f036) Importer(815301076,1909f56bfc062723c751e8b465ee728b)
Start importing Assets/GuiPack2DFree/Animations/Tilt using Guid(bcc4806653768417d809d8242792f036) Importer(815301076,1909f56bfc062723c751e8b465ee728b)  -> (artifact id: '361c0b5f417763582e99856eebdd042c') in 0.000427 seconds
Number of updated asset objects reloaded before import = 0
Number of asset objects unloaded after import = 0
========================================================================
Received Prepare
Begin MonoManager ReloadAssembly
- Loaded All Assemblies, in  0.414 seconds
Refreshing native plugins compatible for Editor in 2.00 ms, found 3 plugins.
Native extension for WindowsStandalone target not found
Mono: successfully reloaded assembly
- Finished resetting the current domain, in  0.893 seconds
Domain Reload Profiling: 1307ms
	BeginReloadAssembly (145ms)
		ExecutionOrderSort (0ms)
		DisableScriptedObjects (5ms)
		BackupInstance (0ms)
		ReleaseScriptingObjects (0ms)
		CreateAndSetChildDomain (43ms)
	RebuildCommonClasses (27ms)
	RebuildNativeTypeToScriptingClass (10ms)
	initialDomainReloadingComplete (23ms)
	LoadAllAssembliesAndSetupDomain (209ms)
		LoadAssemblies (266ms)
		RebuildTransferFunctionScriptingTraits (0ms)
		AnalyzeDomain (15ms)
			TypeCache.Refresh (7ms)
				TypeCache.ScanAssembly (0ms)
			ScanForSourceGeneratedMonoScriptInfo (0ms)
			ResolveRequiredComponents (7ms)
	FinalizeReload (893ms)
		ReleaseScriptCaches (0ms)
		RebuildScriptCaches (0ms)
		SetupLoadedEditorAssemblies (610ms)
			LogAssemblyErrors (0ms)
			InitializePlatformSupportModulesInManaged (4ms)
			SetLoadedEditorAssemblies (4ms)
			RefreshPlugins (0ms)
			BeforeProcessingInitializeOnLoad (51ms)
			ProcessInitializeOnLoadAttributes (526ms)
			ProcessInitializeOnLoadMethodAttributes (22ms)
			AfterProcessingInitializeOnLoad (3ms)
			EditorAssembliesLoaded (0ms)
		ExecutionOrderSort2 (0ms)
		AwakeInstancesAfterBackupRestoration (10ms)
Refreshing native plugins compatible for Editor in 2.36 ms, found 3 plugins.
Preloading 0 native plugins for Editor in 0.00 ms.
Unloading 3580 Unused Serialized files (Serialized files now loaded: 0)
Unloading 44 unused Assets / (1.3 MB). Loaded Objects now: 4131.
Memory consumption went from 220.9 MB to 219.7 MB.
Total: 3.143400 ms (FindLiveObjects: 0.351000 ms CreateObjectMapping: 0.294600 ms MarkObjects: 2.259100 ms  DeleteObjects: 0.237700 ms)

Prepare: number of updated asset objects reloaded= 0
AssetImportParameters requested are different than current active one (requested -> active):
  custom:container-demuxer-ogg: 62fdf1f143b41e24485cea50d1cbac27 -> 
  custom:video-decoder-ogg-theora: a1e56fd34408186e4bbccfd4996cb3dc -> 
  custom:framework-win-MediaFoundation: 216162199b28c13a410421893ffa2e32 -> 
  custom:CustomObjectIndexerAttribute: 43b350a4d6e6d1791af0b5038c4bea17 -> 
  custom:container-demuxer-webm: 4f35f7cbe854078d1ac9338744f61a02 -> 
  custom:container-muxer-webm: aa71ff27fc2769a1b78a27578f13a17b -> 
  custom:video-decoder-webm-vp8: 9c59270c3fd7afecdb556c50c9e8de78 -> 
  custom:SearchIndexIgnoredProperties: e643bd26f0fe6173181afceb89e7c659 -> 
  custom:AudioImporter_EditorPlatform: d09bf68614088b80899f8185d706f6e7 -> 
  custom:video-encoder-webm-vp8: eb34c28f22e8b96e1ab97ce403110664 -> 
  custom:audio-decoder-ogg-vorbis: bf7c407c2cedff20999df2af8eb42d56 -> 
  custom:audio-encoder-webm-vorbis: bf7c407c2cedff20999df2af8eb42d56 -> 
========================================================================
Received Prepare
Begin MonoManager ReloadAssembly
- Loaded All Assemblies, in  0.411 seconds
Refreshing native plugins compatible for Editor in 2.91 ms, found 3 plugins.
Native extension for WindowsStandalone target not found
Mono: successfully reloaded assembly
- Finished resetting the current domain, in  0.897 seconds
Domain Reload Profiling: 1308ms
	BeginReloadAssembly (154ms)
		ExecutionOrderSort (0ms)
		DisableScriptedObjects (5ms)
		BackupInstance (0ms)
		ReleaseScriptingObjects (0ms)
		CreateAndSetChildDomain (46ms)
	RebuildCommonClasses (27ms)
	RebuildNativeTypeToScriptingClass (10ms)
	initialDomainReloadingComplete (21ms)
	LoadAllAssembliesAndSetupDomain (198ms)
		LoadAssemblies (259ms)
		RebuildTransferFunctionScriptingTraits (0ms)
		AnalyzeDomain (16ms)
			TypeCache.Refresh (7ms)
				TypeCache.ScanAssembly (0ms)
			ScanForSourceGeneratedMonoScriptInfo (0ms)
			ResolveRequiredComponents (8ms)
	FinalizeReload (898ms)
		ReleaseScriptCaches (0ms)
		RebuildScriptCaches (0ms)
		SetupLoadedEditorAssemblies (602ms)
			LogAssemblyErrors (0ms)
			InitializePlatformSupportModulesInManaged (4ms)
			SetLoadedEditorAssemblies (4ms)
			RefreshPlugins (0ms)
			BeforeProcessingInitializeOnLoad (58ms)
			ProcessInitializeOnLoadAttributes (512ms)
			ProcessInitializeOnLoadMethodAttributes (20ms)
			AfterProcessingInitializeOnLoad (3ms)
			EditorAssembliesLoaded (0ms)
		ExecutionOrderSort2 (0ms)
		AwakeInstancesAfterBackupRestoration (8ms)
Refreshing native plugins compatible for Editor in 3.17 ms, found 3 plugins.
Preloading 0 native plugins for Editor in 0.00 ms.
Unloading 3580 Unused Serialized files (Serialized files now loaded: 0)
Unloading 44 unused Assets / (1.3 MB). Loaded Objects now: 4135.
Memory consumption went from 222.9 MB to 221.6 MB.
Total: 3.782300 ms (FindLiveObjects: 0.493000 ms CreateObjectMapping: 0.469000 ms MarkObjects: 2.526400 ms  DeleteObjects: 0.293200 ms)

Prepare: number of updated asset objects reloaded= 0
AssetImportParameters requested are different than current active one (requested -> active):
  custom:container-demuxer-ogg: 62fdf1f143b41e24485cea50d1cbac27 -> 
  custom:video-decoder-ogg-theora: a1e56fd34408186e4bbccfd4996cb3dc -> 
  custom:framework-win-MediaFoundation: 216162199b28c13a410421893ffa2e32 -> 
  custom:CustomObjectIndexerAttribute: 43b350a4d6e6d1791af0b5038c4bea17 -> 
  custom:container-demuxer-webm: 4f35f7cbe854078d1ac9338744f61a02 -> 
  custom:container-muxer-webm: aa71ff27fc2769a1b78a27578f13a17b -> 
  custom:video-decoder-webm-vp8: 9c59270c3fd7afecdb556c50c9e8de78 -> 
  custom:SearchIndexIgnoredProperties: e643bd26f0fe6173181afceb89e7c659 -> 
  custom:AudioImporter_EditorPlatform: d09bf68614088b80899f8185d706f6e7 -> 
  custom:video-encoder-webm-vp8: eb34c28f22e8b96e1ab97ce403110664 -> 
  custom:audio-decoder-ogg-vorbis: bf7c407c2cedff20999df2af8eb42d56 -> 
  custom:audio-encoder-webm-vorbis: bf7c407c2cedff20999df2af8eb42d56 -> 
========================================================================
Received Import Request.
  Time since last request: 218.110266 seconds.
  path: Assets/ONDAD
  artifactKey: Guid(6e94731f4515046008d9feca9936ba5b) Importer(815301076,1909f56bfc062723c751e8b465ee728b)
Start importing Assets/ONDAD using Guid(6e94731f4515046008d9feca9936ba5b) Importer(815301076,1909f56bfc062723c751e8b465ee728b)  -> (artifact id: '296cd6d606e5641b9234d8ca24c24429') in 0.001434 seconds
Number of updated asset objects reloaded before import = 0
Number of asset objects unloaded after import = 0
========================================================================
Received Import Request.
  Time since last request: 1.207191 seconds.
  path: Assets/ONDAD/Alert Panels
  artifactKey: Guid(efbafb58839644e1eaa1f49872206dbf) Importer(815301076,1909f56bfc062723c751e8b465ee728b)
Start importing Assets/ONDAD/Alert Panels using Guid(efbafb58839644e1eaa1f49872206dbf) Importer(815301076,1909f56bfc062723c751e8b465ee728b)  -> (artifact id: 'c500d35d8ada4d1df9ee5941a1d4d82b') in 0.000388 seconds
Number of updated asset objects reloaded before import = 0
Number of asset objects unloaded after import = 0
========================================================================
Received Import Request.
  Time since last request: 1.164667 seconds.
  path: Assets/ONDAD/Alert Panels/Prefabs
  artifactKey: Guid(4b0882a882cec4a1786beb2c694e2a5d) Importer(815301076,1909f56bfc062723c751e8b465ee728b)
Start importing Assets/ONDAD/Alert Panels/Prefabs using Guid(4b0882a882cec4a1786beb2c694e2a5d) Importer(815301076,1909f56bfc062723c751e8b465ee728b)  -> (artifact id: '315df56b148afaa819d9fadc09c2d783') in 0.000371 seconds
Number of updated asset objects reloaded before import = 0
Number of asset objects unloaded after import = 0
========================================================================
Received Import Request.
  Time since last request: 0.081342 seconds.
  path: Assets/ONDAD/Alert Panels/Prefabs/Canvas_AlertPanel.prefab
  artifactKey: Guid(43f71a6ca680446af9cda0ef4d55a1c0) Importer(815301076,1909f56bfc062723c751e8b465ee728b)
Start importing Assets/ONDAD/Alert Panels/Prefabs/Canvas_AlertPanel.prefab using Guid(43f71a6ca680446af9cda0ef4d55a1c0) Importer(815301076,1909f56bfc062723c751e8b465ee728b)  -> (artifact id: '806b3214af7bf67a9ea64475ea1da8e3') in 0.047140 seconds
Number of updated asset objects reloaded before import = 0
Number of asset objects unloaded after import = 143
========================================================================
Received Import Request.
  Time since last request: 884.708489 seconds.
  path: Assets/Scenes/Game.unity
  artifactKey: Guid(6ca3674c48c01834083fd3b08f384359) Importer(815301076,1909f56bfc062723c751e8b465ee728b)
Start importing Assets/Scenes/Game.unity using Guid(6ca3674c48c01834083fd3b08f384359) Importer(815301076,1909f56bfc062723c751e8b465ee728b)  -> (artifact id: '13e9db5481515c934df8e132d2065d21') in 0.000463 seconds
Number of updated asset objects reloaded before import = 0
Number of asset objects unloaded after import = 0
========================================================================
Received Import Request.
  Time since last request: 15.049214 seconds.
  path: Assets/PlayFabEditorExtensions
  artifactKey: Guid(e6b6b62449f1f4ed1bdf033d7f2d2ccf) Importer(815301076,1909f56bfc062723c751e8b465ee728b)
Start importing Assets/PlayFabEditorExtensions using Guid(e6b6b62449f1f4ed1bdf033d7f2d2ccf) Importer(815301076,1909f56bfc062723c751e8b465ee728b)  -> (artifact id: '3708c64ca84703488c1a860bb4a06174') in 0.000356 seconds
Number of updated asset objects reloaded before import = 0
Number of asset objects unloaded after import = 0
========================================================================
Received Import Request.
  Time since last request: 241.348814 seconds.
  path: Assets/Animations
  artifactKey: Guid(09ee187382ee72f438ce4d25a91c6e0b) Importer(815301076,1909f56bfc062723c751e8b465ee728b)
Start importing Assets/Animations using Guid(09ee187382ee72f438ce4d25a91c6e0b) Importer(815301076,1909f56bfc062723c751e8b465ee728b)  -> (artifact id: '36e581e03027ded94e52a57472bf76da') in 0.000540 seconds
Number of updated asset objects reloaded before import = 0
Number of asset objects unloaded after import = 0
========================================================================
Received Import Request.
  Time since last request: 6.798072 seconds.
  path: Assets/Animators
  artifactKey: Guid(733536b915788df4aa3af8bbf7d5a9b6) Importer(815301076,1909f56bfc062723c751e8b465ee728b)
Start importing Assets/Animators using Guid(733536b915788df4aa3af8bbf7d5a9b6) Importer(815301076,1909f56bfc062723c751e8b465ee728b)  -> (artifact id: 'fb01073322321fdd85b2b1f7e9880deb') in 0.000531 seconds
Number of updated asset objects reloaded before import = 0
Number of asset objects unloaded after import = 0
========================================================================
Received Import Request.
  Time since last request: 377.655192 seconds.
  path: Assets/Animators/Rotate Blade.controller
  artifactKey: Guid(4c5cf1d609bba55458be28e4c69924ad) Importer(815301076,1909f56bfc062723c751e8b465ee728b)
Start importing Assets/Animators/Rotate Blade.controller using Guid(4c5cf1d609bba55458be28e4c69924ad) Importer(815301076,1909f56bfc062723c751e8b465ee728b)  -> (artifact id: '69de9d357000cb7935312e9e1976bfe9') in 0.001573 seconds
Number of updated asset objects reloaded before import = 0
Number of asset objects unloaded after import = 4
========================================================================
Received Import Request.
  Time since last request: 32.714481 seconds.
  path: Assets/Prefabs
  artifactKey: Guid(7245ec367a9145d41a32fcfbc213a724) Importer(815301076,1909f56bfc062723c751e8b465ee728b)
Start importing Assets/Prefabs using Guid(7245ec367a9145d41a32fcfbc213a724) Importer(815301076,1909f56bfc062723c751e8b465ee728b)  -> (artifact id: '74cbb2ff846c24a997d507f706b3838e') in 0.000461 seconds
Number of updated asset objects reloaded before import = 0
Number of asset objects unloaded after import = 0
========================================================================
Received Import Request.
  Time since last request: 26.917430 seconds.
  path: Assets/Prefabs/Rotate Blade.prefab
  artifactKey: Guid(9c60398652d45364c99d0bc66498d476) Importer(815301076,1909f56bfc062723c751e8b465ee728b)
Start importing Assets/Prefabs/Rotate Blade.prefab using Guid(9c60398652d45364c99d0bc66498d476) Importer(815301076,1909f56bfc062723c751e8b465ee728b)  -> (artifact id: '4275a9ebe50ce7cf78039e87ab6cffcf') in 0.046219 seconds
Number of updated asset objects reloaded before import = 0
Number of asset objects unloaded after import = 25
========================================================================
Received Import Request.
  Time since last request: 535.120086 seconds.
  path: Assets/Prefabs/Thorn Hell.prefab
  artifactKey: Guid(6177c1baaba6806499188f5529e35eb0) Importer(815301076,1909f56bfc062723c751e8b465ee728b)
Start importing Assets/Prefabs/Thorn Hell.prefab using Guid(6177c1baaba6806499188f5529e35eb0) Importer(815301076,1909f56bfc062723c751e8b465ee728b)  -> (artifact id: '3d5a67188c8916ae68c5efff4393587d') in 0.007084 seconds
Number of updated asset objects reloaded before import = 0
Number of asset objects unloaded after import = 24
========================================================================
Received Import Request.
  Time since last request: 0.976372 seconds.
  path: Assets/Prefabs/Thorn Hell.prefab
  artifactKey: Guid(6177c1baaba6806499188f5529e35eb0) Importer(815301076,1909f56bfc062723c751e8b465ee728b)
Start importing Assets/Prefabs/Thorn Hell.prefab using Guid(6177c1baaba6806499188f5529e35eb0) Importer(815301076,1909f56bfc062723c751e8b465ee728b)  -> (artifact id: '3dec2e59ea0e9f860e167c55b8c22695') in 0.006668 seconds
Number of updated asset objects reloaded before import = 0
Number of asset objects unloaded after import = 24
========================================================================
Received Import Request.
  Time since last request: 704.723113 seconds.
  path: Assets/Prefabs/Death Saw.prefab
  artifactKey: Guid(9e23672e8e9f1744da580d63820fe1f8) Importer(815301076,1909f56bfc062723c751e8b465ee728b)
Start importing Assets/Prefabs/Death Saw.prefab using Guid(9e23672e8e9f1744da580d63820fe1f8) Importer(815301076,1909f56bfc062723c751e8b465ee728b)  -> (artifact id: '7273633f43d368f13aa1f390799faed4') in 0.008041 seconds
Number of updated asset objects reloaded before import = 0
Number of asset objects unloaded after import = 25
========================================================================
Received Import Request.
  Time since last request: 49.157436 seconds.
  path: Assets/Photon/PhotonUnityNetworking/Demos/DemoSlotRacer/Kenney Assets/Stylized city/Materials/roof.mat
  artifactKey: Guid(ede00b712b6fb134282e1efba44fefd8) Importer(815301076,1909f56bfc062723c751e8b465ee728b)
Start importing Assets/Photon/PhotonUnityNetworking/Demos/DemoSlotRacer/Kenney Assets/Stylized city/Materials/roof.mat using Guid(ede00b712b6fb134282e1efba44fefd8) Importer(815301076,1909f56bfc062723c751e8b465ee728b)  -> (artifact id: 'e4d150e64b06bca1c775fc06f0a132af') in 0.023778 seconds
Number of updated asset objects reloaded before import = 0
Number of asset objects unloaded after import = 1
========================================================================
Received Import Request.
  Time since last request: 0.000012 seconds.
  path: Assets/POLY STYLE - Platformer Starter Pack/Platformer Starter Pack_URP/Art/Materials/Environments/Stone-1.mat
  artifactKey: Guid(dbaabd3af3c84704fa5f0dd3ceebcc98) Importer(815301076,1909f56bfc062723c751e8b465ee728b)
Start importing Assets/POLY STYLE - Platformer Starter Pack/Platformer Starter Pack_URP/Art/Materials/Environments/Stone-1.mat using Guid(dbaabd3af3c84704fa5f0dd3ceebcc98) Importer(815301076,1909f56bfc062723c751e8b465ee728b)  -> (artifact id: '94afc71e2b8c79beb6f40685d83175cd') in 0.009700 seconds
Number of updated asset objects reloaded before import = 0
Number of asset objects unloaded after import = 1
========================================================================
Received Import Request.
  Time since last request: 0.000020 seconds.
  path: Assets/Photon/PhotonUnityNetworking/Demos/DemoAsteroids/Models/Materials/SpaceshipHull.mat
  artifactKey: Guid(de6b3d1666741b24597a4349a143eeb7) Importer(815301076,1909f56bfc062723c751e8b465ee728b)
Start importing Assets/Photon/PhotonUnityNetworking/Demos/DemoAsteroids/Models/Materials/SpaceshipHull.mat using Guid(de6b3d1666741b24597a4349a143eeb7) Importer(815301076,1909f56bfc062723c751e8b465ee728b)  -> (artifact id: '631e60ad67bbe3a41976301f1c378936') in 0.013132 seconds
Number of updated asset objects reloaded before import = 0
Number of asset objects unloaded after import = 1
========================================================================
Received Import Request.
  Time since last request: 0.000016 seconds.
  path: Assets/Photon/PhotonUnityNetworking/Demos/Shared Assets/Animations/Materials/SkinMaterial.mat
  artifactKey: Guid(37d0d4d178b5dbf449ff0814718dc354) Importer(815301076,1909f56bfc062723c751e8b465ee728b)
Start importing Assets/Photon/PhotonUnityNetworking/Demos/Shared Assets/Animations/Materials/SkinMaterial.mat using Guid(37d0d4d178b5dbf449ff0814718dc354) Importer(815301076,1909f56bfc062723c751e8b465ee728b)  -> (artifact id: 'd003f22dcec482dd5fa8ff1010337f32') in 0.012046 seconds
Number of updated asset objects reloaded before import = 0
Number of asset objects unloaded after import = 1
========================================================================
Received Import Request.
  Time since last request: 0.000013 seconds.
  path: Assets/POLY STYLE - Platformer Starter Pack/Platformer Starter Pack_URP/Art/Materials/Environments/Stone-2.mat
  artifactKey: Guid(5eb030a62c619e24496073049c48735a) Importer(815301076,1909f56bfc062723c751e8b465ee728b)
Start importing Assets/POLY STYLE - Platformer Starter Pack/Platformer Starter Pack_URP/Art/Materials/Environments/Stone-2.mat using Guid(5eb030a62c619e24496073049c48735a) Importer(815301076,1909f56bfc062723c751e8b465ee728b)  -> (artifact id: '33094caa32206e2abbbaa900c08b612d') in 0.009526 seconds
Number of updated asset objects reloaded before import = 0
Number of asset objects unloaded after import = 1
========================================================================
Received Import Request.
  Time since last request: 0.000013 seconds.
  path: Assets/POLY STYLE - Platformer Starter Pack/Platformer Starter Pack_URP/Art/Materials/Environments/Stone-3.mat
  artifactKey: Guid(f9a9aaca4c0348343974bb8c1db3746f) Importer(815301076,1909f56bfc062723c751e8b465ee728b)
Start importing Assets/POLY STYLE - Platformer Starter Pack/Platformer Starter Pack_URP/Art/Materials/Environments/Stone-3.mat using Guid(f9a9aaca4c0348343974bb8c1db3746f) Importer(815301076,1909f56bfc062723c751e8b465ee728b)  -> (artifact id: '5aaf362f5440c8d222613e01e7375de9') in 0.005468 seconds
Number of updated asset objects reloaded before import = 0
Number of asset objects unloaded after import = 1
========================================================================
Received Import Request.
  Time since last request: 0.000012 seconds.
  path: Assets/Photon/PhotonUnityNetworking/Demos/DemoAsteroids/Models/Materials/SpaceshipGlow.mat
  artifactKey: Guid(609dbe3d30c4bf84ca15ce89479d7919) Importer(815301076,1909f56bfc062723c751e8b465ee728b)
Start importing Assets/Photon/PhotonUnityNetworking/Demos/DemoAsteroids/Models/Materials/SpaceshipGlow.mat using Guid(609dbe3d30c4bf84ca15ce89479d7919) Importer(815301076,1909f56bfc062723c751e8b465ee728b)  -> (artifact id: '945c9132814466fdc4d4c5897d28e52a') in 0.005592 seconds
Number of updated asset objects reloaded before import = 0
Number of asset objects unloaded after import = 1
========================================================================
Received Import Request.
  Time since last request: 0.626264 seconds.
  path: Assets/Photon/PhotonUnityNetworking/Demos/DemoSlotRacer/Kenney Assets/Racing Kit/Models/Materials/road.mat
  artifactKey: Guid(4b56a40ac6992974b8aac0882a4c7555) Importer(815301076,1909f56bfc062723c751e8b465ee728b)
Start importing Assets/Photon/PhotonUnityNetworking/Demos/DemoSlotRacer/Kenney Assets/Racing Kit/Models/Materials/road.mat using Guid(4b56a40ac6992974b8aac0882a4c7555) Importer(815301076,1909f56bfc062723c751e8b465ee728b)  -> (artifact id: '0859926705844e5448c9a3833b150aff') in 0.005230 seconds
Number of updated asset objects reloaded before import = 0
Number of asset objects unloaded after import = 1
========================================================================
Received Import Request.
  Time since last request: 0.060310 seconds.
  path: Assets/Easy Primitive People/Materials/Red.mat
  artifactKey: Guid(d83c53277de967e49b88cde3cbe2b2ca) Importer(815301076,1909f56bfc062723c751e8b465ee728b)
Start importing Assets/Easy Primitive People/Materials/Red.mat using Guid(d83c53277de967e49b88cde3cbe2b2ca) Importer(815301076,1909f56bfc062723c751e8b465ee728b)  -> (artifact id: '7c05bc2a964feabac6ad98ad64585757') in 0.005238 seconds
Number of updated asset objects reloaded before import = 0
Number of asset objects unloaded after import = 1
========================================================================
Received Import Request.
  Time since last request: 0.000013 seconds.
  path: Assets/Photon/PhotonUnityNetworking/Demos/DemoProcedural/Materials/Red.mat
  artifactKey: Guid(ad7ce727a68a61f4897679b81da7b344) Importer(815301076,1909f56bfc062723c751e8b465ee728b)
Start importing Assets/Photon/PhotonUnityNetworking/Demos/DemoProcedural/Materials/Red.mat using Guid(ad7ce727a68a61f4897679b81da7b344) Importer(815301076,1909f56bfc062723c751e8b465ee728b)  -> (artifact id: '01c6be686bd6181502d6728a2750d5b4') in 0.006675 seconds
Number of updated asset objects reloaded before import = 0
Number of asset objects unloaded after import = 1
========================================================================
Received Import Request.
  Time since last request: 0.190282 seconds.
  path: Assets/POLY STYLE - Platformer Starter Pack/Platformer Starter Pack_URP/Art/Materials/Environments/Props-8.mat
  artifactKey: Guid(6ff6e16728552b84a918ae0510a62856) Importer(815301076,1909f56bfc062723c751e8b465ee728b)
Start importing Assets/POLY STYLE - Platformer Starter Pack/Platformer Starter Pack_URP/Art/Materials/Environments/Props-8.mat using Guid(6ff6e16728552b84a918ae0510a62856) Importer(815301076,1909f56bfc062723c751e8b465ee728b)  -> (artifact id: '9a85634eea3460e4ef463db963aa4917') in 0.005203 seconds
Number of updated asset objects reloaded before import = 0
Number of asset objects unloaded after import = 1
========================================================================
Received Import Request.
  Time since last request: 0.338113 seconds.
  path: Assets/POLY STYLE - Platformer Starter Pack/Platformer Starter Pack_URP/Art/Materials/Environments/Props-6.mat
  artifactKey: Guid(0e4d0ccaf011a34428a6cd5ae795db31) Importer(815301076,1909f56bfc062723c751e8b465ee728b)
Start importing Assets/POLY STYLE - Platformer Starter Pack/Platformer Starter Pack_URP/Art/Materials/Environments/Props-6.mat using Guid(0e4d0ccaf011a34428a6cd5ae795db31) Importer(815301076,1909f56bfc062723c751e8b465ee728b)  -> (artifact id: 'bdb83fc534a1d6966de99290e605b4f2') in 0.005182 seconds
Number of updated asset objects reloaded before import = 0
Number of asset objects unloaded after import = 1
========================================================================
Received Import Request.
  Time since last request: 0.250077 seconds.
  path: Assets/POLY STYLE - Platformer Starter Pack/Platformer Starter Pack_URP/Art/Materials/Environments/Props-4.mat
  artifactKey: Guid(6ca0cef5c7fbc59448f922baf2a06af3) Importer(815301076,1909f56bfc062723c751e8b465ee728b)
Start importing Assets/POLY STYLE - Platformer Starter Pack/Platformer Starter Pack_URP/Art/Materials/Environments/Props-4.mat using Guid(6ca0cef5c7fbc59448f922baf2a06af3) Importer(815301076,1909f56bfc062723c751e8b465ee728b)  -> (artifact id: '113e436e7e6568b8004a112b2f38d637') in 0.005164 seconds
Number of updated asset objects reloaded before import = 0
Number of asset objects unloaded after import = 1
========================================================================
Received Import Request.
  Time since last request: 0.025674 seconds.
  path: Assets/POLY STYLE - Platformer Starter Pack/Platformer Starter Pack_URP/Art/Materials/Environments/Props-2.mat
  artifactKey: Guid(312cf9df9616a78429ad4c959ece98ff) Importer(815301076,1909f56bfc062723c751e8b465ee728b)
Start importing Assets/POLY STYLE - Platformer Starter Pack/Platformer Starter Pack_URP/Art/Materials/Environments/Props-2.mat using Guid(312cf9df9616a78429ad4c959ece98ff) Importer(815301076,1909f56bfc062723c751e8b465ee728b)  -> (artifact id: 'e2234466e68df6b536ffc60016fdf4ae') in 0.005013 seconds
Number of updated asset objects reloaded before import = 0
Number of asset objects unloaded after import = 1
========================================================================
Received Import Request.
  Time since last request: 0.794356 seconds.
  path: Assets/ONDAD/Alert Panels/Fonts/Poppins/Poppins-Medium SDF.asset
  artifactKey: Guid(842d2ebab221f46be978e5f35f83156b) Importer(815301076,1909f56bfc062723c751e8b465ee728b)
Start importing Assets/ONDAD/Alert Panels/Fonts/Poppins/Poppins-Medium SDF.asset using Guid(842d2ebab221f46be978e5f35f83156b) Importer(815301076,1909f56bfc062723c751e8b465ee728b)  -> (artifact id: '8ffd9f01b2e4344287d2b966b0b29645') in 0.024724 seconds
Number of updated asset objects reloaded before import = 0
Number of asset objects unloaded after import = 6
========================================================================
Received Import Request.
  Time since last request: 0.034812 seconds.
  path: Assets/Photon/PhotonUnityNetworking/Demos/DemoSlotRacer/Kenney Assets/Stylized city/Materials/No Name.mat
  artifactKey: Guid(a773bd7a075f9534e9c9ed1eb6e9a30f) Importer(815301076,1909f56bfc062723c751e8b465ee728b)
Start importing Assets/Photon/PhotonUnityNetworking/Demos/DemoSlotRacer/Kenney Assets/Stylized city/Materials/No Name.mat using Guid(a773bd7a075f9534e9c9ed1eb6e9a30f) Importer(815301076,1909f56bfc062723c751e8b465ee728b)  -> (artifact id: 'caa01ab741e0849ff271c321065b3e38') in 0.011608 seconds
Number of updated asset objects reloaded before import = 0
Number of asset objects unloaded after import = 1
========================================================================
Received Import Request.
  Time since last request: 0.000030 seconds.
  path: Assets/Photon/PhotonUnityNetworking/Demos/DemoSlotRacer/Kenney Assets/Stylized city/Materials/ground_green.mat
  artifactKey: Guid(fef45cc204351a9458f02ad7c0243f18) Importer(815301076,1909f56bfc062723c751e8b465ee728b)
Start importing Assets/Photon/PhotonUnityNetworking/Demos/DemoSlotRacer/Kenney Assets/Stylized city/Materials/ground_green.mat using Guid(fef45cc204351a9458f02ad7c0243f18) Importer(815301076,1909f56bfc062723c751e8b465ee728b)  -> (artifact id: 'a06f47f9d2fca3398be7fc550c7f2986') in 0.009845 seconds
Number of updated asset objects reloaded before import = 0
Number of asset objects unloaded after import = 1
========================================================================
Received Import Request.
  Time since last request: 0.000035 seconds.
  path: Assets/POLY STYLE - Platformer Starter Pack/Platformer Starter Pack_URP/Art/Materials/Environments/Ground-2.mat
  artifactKey: Guid(07d5504604394a04a8c49e01ccf84c58) Importer(815301076,1909f56bfc062723c751e8b465ee728b)
Start importing Assets/POLY STYLE - Platformer Starter Pack/Platformer Starter Pack_URP/Art/Materials/Environments/Ground-2.mat using Guid(07d5504604394a04a8c49e01ccf84c58) Importer(815301076,1909f56bfc062723c751e8b465ee728b)  -> (artifact id: '1283454f6f119c3486df8d2d12633e6d') in 0.006443 seconds
Number of updated asset objects reloaded before import = 0
Number of asset objects unloaded after import = 1
========================================================================
Received Import Request.
  Time since last request: 0.000015 seconds.
  path: Assets/Easy Primitive People/Materials/Pink.mat
  artifactKey: Guid(5f7bf4901ad7cb2479e53b36fcb1f385) Importer(815301076,1909f56bfc062723c751e8b465ee728b)
Start importing Assets/Easy Primitive People/Materials/Pink.mat using Guid(5f7bf4901ad7cb2479e53b36fcb1f385) Importer(815301076,1909f56bfc062723c751e8b465ee728b)  -> (artifact id: '705cf1a105210ebdb393910887bd57dd') in 0.005537 seconds
Number of updated asset objects reloaded before import = 0
Number of asset objects unloaded after import = 1
========================================================================
Received Import Request.
  Time since last request: 0.000016 seconds.
  path: Assets/POLY STYLE - Platformer Starter Pack/Platformer Starter Pack_URP/Art/Materials/Environments/Ground-4.mat
  artifactKey: Guid(bdc3bce6fadbbad46a5e1ace66b03a0f) Importer(815301076,1909f56bfc062723c751e8b465ee728b)
Start importing Assets/POLY STYLE - Platformer Starter Pack/Platformer Starter Pack_URP/Art/Materials/Environments/Ground-4.mat using Guid(bdc3bce6fadbbad46a5e1ace66b03a0f) Importer(815301076,1909f56bfc062723c751e8b465ee728b)  -> (artifact id: '87ac61675573e7ba13cc938bd78c08f1') in 0.006221 seconds
Number of updated asset objects reloaded before import = 0
Number of asset objects unloaded after import = 1
========================================================================
Received Import Request.
  Time since last request: 0.000016 seconds.
  path: Assets/POLY STYLE - Platformer Starter Pack/Platformer Starter Pack_URP/Art/Materials/Environments/Ground-3.mat
  artifactKey: Guid(5e0f66e51333abb408613201c330a535) Importer(815301076,1909f56bfc062723c751e8b465ee728b)
Start importing Assets/POLY STYLE - Platformer Starter Pack/Platformer Starter Pack_URP/Art/Materials/Environments/Ground-3.mat using Guid(5e0f66e51333abb408613201c330a535) Importer(815301076,1909f56bfc062723c751e8b465ee728b)  -> (artifact id: '51663e33a7e2b6146db49ec86a995169') in 0.006110 seconds
Number of updated asset objects reloaded before import = 0
Number of asset objects unloaded after import = 1
========================================================================
Received Import Request.
  Time since last request: 0.000012 seconds.
  path: Assets/Easy Primitive People/Materials/Green.mat
  artifactKey: Guid(7cd0db8b7cab9874c8d3dcd02fb6f49f) Importer(815301076,1909f56bfc062723c751e8b465ee728b)
Start importing Assets/Easy Primitive People/Materials/Green.mat using Guid(7cd0db8b7cab9874c8d3dcd02fb6f49f) Importer(815301076,1909f56bfc062723c751e8b465ee728b)  -> (artifact id: '50c092c7a83c9553b0e348f699a34de4') in 0.005088 seconds
Number of updated asset objects reloaded before import = 0
Number of asset objects unloaded after import = 1
========================================================================
Received Import Request.
  Time since last request: 0.000017 seconds.
  path: Assets/Photon/PhotonUnityNetworking/Demos/DemoSlotRacer/Kenney Assets/Racing Kit/Models/Materials/grass.mat
  artifactKey: Guid(ba3bddb608259184783916ac7915d5a2) Importer(815301076,1909f56bfc062723c751e8b465ee728b)
Start importing Assets/Photon/PhotonUnityNetworking/Demos/DemoSlotRacer/Kenney Assets/Racing Kit/Models/Materials/grass.mat using Guid(ba3bddb608259184783916ac7915d5a2) Importer(815301076,1909f56bfc062723c751e8b465ee728b)  -> (artifact id: '92452f598c31c23bb8d21180f55daf81') in 0.006752 seconds
Number of updated asset objects reloaded before import = 0
Number of asset objects unloaded after import = 1
========================================================================
Received Import Request.
  Time since last request: 0.000017 seconds.
  path: Assets/Photon/PhotonUnityNetworking/Demos/Shared Assets/Skin/Jura-Flat-Material.mat
  artifactKey: Guid(c190da5d14d0e904ba512abe82018576) Importer(815301076,1909f56bfc062723c751e8b465ee728b)
Start importing Assets/Photon/PhotonUnityNetworking/Demos/Shared Assets/Skin/Jura-Flat-Material.mat using Guid(c190da5d14d0e904ba512abe82018576) Importer(815301076,1909f56bfc062723c751e8b465ee728b)  -> (artifact id: 'fae5d20e1d607d521ffa026fb717473e') in 0.004564 seconds
Number of updated asset objects reloaded before import = 0
Number of asset objects unloaded after import = 2
========================================================================
Received Import Request.
  Time since last request: 0.000015 seconds.
  path: Assets/POLY STYLE - Platformer Starter Pack/Platformer Starter Pack_URP/Art/Materials/Environments/Grass-1.mat
  artifactKey: Guid(7b8c1bc11df734d46864e02809589142) Importer(815301076,1909f56bfc062723c751e8b465ee728b)
Start importing Assets/POLY STYLE - Platformer Starter Pack/Platformer Starter Pack_URP/Art/Materials/Environments/Grass-1.mat using Guid(7b8c1bc11df734d46864e02809589142) Importer(815301076,1909f56bfc062723c751e8b465ee728b)  -> (artifact id: '7c96803d00692564ce5bf5c6a131d4c8') in 0.005985 seconds
Number of updated asset objects reloaded before import = 0
Number of asset objects unloaded after import = 1
========================================================================
Received Import Request.
  Time since last request: 0.000025 seconds.
  path: Assets/POLY STYLE - Platformer Starter Pack/Platformer Starter Pack_URP/Art/Materials/Environments/Ground-1.mat
  artifactKey: Guid(c5bfa424a8742464bba1801795dc1e21) Importer(815301076,1909f56bfc062723c751e8b465ee728b)
Start importing Assets/POLY STYLE - Platformer Starter Pack/Platformer Starter Pack_URP/Art/Materials/Environments/Ground-1.mat using Guid(c5bfa424a8742464bba1801795dc1e21) Importer(815301076,1909f56bfc062723c751e8b465ee728b)  -> (artifact id: 'a1c38fc335c76a74f12d1abb3fd59b11') in 0.006910 seconds
Number of updated asset objects reloaded before import = 0
Number of asset objects unloaded after import = 2
========================================================================
Received Import Request.
  Time since last request: 0.000014 seconds.
  path: Assets/ONDAD/Alert Panels/Fonts/Poppins/Poppins-Medium.ttf
  artifactKey: Guid(01e4c7e345dcb4bd48e64b219b912d5c) Importer(815301076,1909f56bfc062723c751e8b465ee728b)
Start importing Assets/ONDAD/Alert Panels/Fonts/Poppins/Poppins-Medium.ttf using Guid(01e4c7e345dcb4bd48e64b219b912d5c) Importer(815301076,1909f56bfc062723c751e8b465ee728b)  -> (artifact id: 'a7f76efdc74bda42e360cceb8a76a850') in 0.010948 seconds
Number of updated asset objects reloaded before import = 0
Number of asset objects unloaded after import = 4
========================================================================
Received Import Request.
  Time since last request: 0.000014 seconds.
  path: Assets/Photon/PhotonChat/Demos/DemoChat/Files/eurof35.ttf
  artifactKey: Guid(4345225956e176043b2f73b9ee1b0f2b) Importer(815301076,1909f56bfc062723c751e8b465ee728b)
Start importing Assets/Photon/PhotonChat/Demos/DemoChat/Files/eurof35.ttf using Guid(4345225956e176043b2f73b9ee1b0f2b) Importer(815301076,1909f56bfc062723c751e8b465ee728b)  -> (artifact id: '0c2ecb3afd5c8c66840527cdcecd01ab') in 0.006001 seconds
Number of updated asset objects reloaded before import = 0
Number of asset objects unloaded after import = 4
========================================================================
Received Import Request.
  Time since last request: 0.000012 seconds.
  path: Assets/Photon/PhotonUnityNetworking/Demos/Shared Assets/Animations/Materials/EyesMaterial.mat
  artifactKey: Guid(ce5a83fcea7762541ba43ca5bd854dae) Importer(815301076,1909f56bfc062723c751e8b465ee728b)
Start importing Assets/Photon/PhotonUnityNetworking/Demos/Shared Assets/Animations/Materials/EyesMaterial.mat using Guid(ce5a83fcea7762541ba43ca5bd854dae) Importer(815301076,1909f56bfc062723c751e8b465ee728b)  -> (artifact id: '33486208edb110a5c787d68dfb7d20fa') in 0.004394 seconds
Number of updated asset objects reloaded before import = 0
Number of asset objects unloaded after import = 1
========================================================================
Received Import Request.
  Time since last request: 0.000014 seconds.
  path: Assets/Photon/PhotonUnityNetworking/Demos/Shared Assets/Skin/Orbitron Black.ttf
  artifactKey: Guid(495c9e2a934bcc640a8d7427b13cb680) Importer(815301076,1909f56bfc062723c751e8b465ee728b)
Start importing Assets/Photon/PhotonUnityNetworking/Demos/Shared Assets/Skin/Orbitron Black.ttf using Guid(495c9e2a934bcc640a8d7427b13cb680) Importer(815301076,1909f56bfc062723c751e8b465ee728b)  -> (artifact id: '131abd3df5cf67b10af150c419d2e3e9') in 0.007030 seconds
Number of updated asset objects reloaded before import = 0
Number of asset objects unloaded after import = 4
========================================================================
Received Import Request.
  Time since last request: 0.000023 seconds.
  path: Assets/Photon/PhotonUnityNetworking/Demos/DemoSlotRacer/Kenney Assets/Stylized city/Materials/13 - Default54.mat
  artifactKey: Guid(831e4ea6beda02947bdca5aeb8543156) Importer(815301076,1909f56bfc062723c751e8b465ee728b)
Start importing Assets/Photon/PhotonUnityNetworking/Demos/DemoSlotRacer/Kenney Assets/Stylized city/Materials/13 - Default54.mat using Guid(831e4ea6beda02947bdca5aeb8543156) Importer(815301076,1909f56bfc062723c751e8b465ee728b)  -> (artifact id: 'fcf174b727b0c5999ee2f9a30b7857d7') in 0.004693 seconds
Number of updated asset objects reloaded before import = 0
Number of asset objects unloaded after import = 1
========================================================================
Received Import Request.
  Time since last request: 0.000016 seconds.
  path: Assets/Photon/PhotonUnityNetworking/Demos/DemoSlotRacer/Kenney Assets/Stylized city/Materials/22 - Default.mat
  artifactKey: Guid(86080a783905b5740ad2b81f63a2c650) Importer(815301076,1909f56bfc062723c751e8b465ee728b)
Start importing Assets/Photon/PhotonUnityNetworking/Demos/DemoSlotRacer/Kenney Assets/Stylized city/Materials/22 - Default.mat using Guid(86080a783905b5740ad2b81f63a2c650) Importer(815301076,1909f56bfc062723c751e8b465ee728b)  -> (artifact id: '7fff4bb143e76e040c10ef91ff3b50c0') in 0.004450 seconds
Number of updated asset objects reloaded before import = 0
Number of asset objects unloaded after import = 1
========================================================================
Received Import Request.
  Time since last request: 0.000013 seconds.
  path: Assets/Photon/PhotonUnityNetworking/Demos/DemoSlotRacer/Kenney Assets/Racing Kit/Models/Materials/_defaultMat.mat
  artifactKey: Guid(f0a6a86e908f6204ab518387a784ed36) Importer(815301076,1909f56bfc062723c751e8b465ee728b)
Start importing Assets/Photon/PhotonUnityNetworking/Demos/DemoSlotRacer/Kenney Assets/Racing Kit/Models/Materials/_defaultMat.mat using Guid(f0a6a86e908f6204ab518387a784ed36) Importer(815301076,1909f56bfc062723c751e8b465ee728b)  -> (artifact id: 'c649d75b106afb2884b876b7e89a04e0') in 0.004969 seconds
Number of updated asset objects reloaded before import = 0
Number of asset objects unloaded after import = 1
========================================================================
Received Import Request.
  Time since last request: 0.000015 seconds.
  path: Assets/Photon/PhotonUnityNetworking/Demos/DemoSlotRacer/Kenney Assets/Stylized city/Materials/13 - Default22662.mat
  artifactKey: Guid(7d91274cc4a876a439f75445704f421b) Importer(815301076,1909f56bfc062723c751e8b465ee728b)
Start importing Assets/Photon/PhotonUnityNetworking/Demos/DemoSlotRacer/Kenney Assets/Stylized city/Materials/13 - Default22662.mat using Guid(7d91274cc4a876a439f75445704f421b) Importer(815301076,1909f56bfc062723c751e8b465ee728b)  -> (artifact id: '44ebf001f3ff4b22acb29fda20880862') in 0.004925 seconds
Number of updated asset objects reloaded before import = 0
Number of asset objects unloaded after import = 1
========================================================================
Received Import Request.
  Time since last request: 0.000015 seconds.
  path: Assets/Photon/PhotonUnityNetworking/Demos/DemoSlotRacer/Kenney Assets/Stylized city/Materials/24 - Default.mat
  artifactKey: Guid(c14837dfa515883428e5652d93e80c72) Importer(815301076,1909f56bfc062723c751e8b465ee728b)
Start importing Assets/Photon/PhotonUnityNetworking/Demos/DemoSlotRacer/Kenney Assets/Stylized city/Materials/24 - Default.mat using Guid(c14837dfa515883428e5652d93e80c72) Importer(815301076,1909f56bfc062723c751e8b465ee728b)  -> (artifact id: '95ff96e1e39b3abd9f30de00103ec2f9') in 0.005522 seconds
Number of updated asset objects reloaded before import = 0
Number of asset objects unloaded after import = 1
========================================================================
Received Import Request.
  Time since last request: 0.000014 seconds.
  path: Assets/Photon/PhotonUnityNetworking/Demos/Shared Assets/Skin/Jura-Medium.ttf
  artifactKey: Guid(e00995507c2406448b4c8429136104dd) Importer(815301076,1909f56bfc062723c751e8b465ee728b)
Start importing Assets/Photon/PhotonUnityNetworking/Demos/Shared Assets/Skin/Jura-Medium.ttf using Guid(e00995507c2406448b4c8429136104dd) Importer(815301076,1909f56bfc062723c751e8b465ee728b)  -> (artifact id: '52e34054e238d495a27f7846517362a5') in 0.006879 seconds
Number of updated asset objects reloaded before import = 0
Number of asset objects unloaded after import = 4
========================================================================
Received Import Request.
  Time since last request: 3.053713 seconds.
  path: Assets/Photon/PhotonUnityNetworking/Demos/DemoAsteroids/Models/Materials/Asteroid.mat
  artifactKey: Guid(be2c382f522695c4fa3947ac8e1d4457) Importer(815301076,1909f56bfc062723c751e8b465ee728b)
Start importing Assets/Photon/PhotonUnityNetworking/Demos/DemoAsteroids/Models/Materials/Asteroid.mat using Guid(be2c382f522695c4fa3947ac8e1d4457) Importer(815301076,1909f56bfc062723c751e8b465ee728b)  -> (artifact id: '5c670980b3adb6d95d6da779c719287c') in 0.004972 seconds
Number of updated asset objects reloaded before import = 0
Number of asset objects unloaded after import = 1
========================================================================
Received Import Request.
  Time since last request: 0.041021 seconds.
  path: Assets/Easy Primitive People/Materials/Baby Blue.mat
  artifactKey: Guid(4ac2606202e713b4ab55573f04556e32) Importer(815301076,1909f56bfc062723c751e8b465ee728b)
Start importing Assets/Easy Primitive People/Materials/Baby Blue.mat using Guid(4ac2606202e713b4ab55573f04556e32) Importer(815301076,1909f56bfc062723c751e8b465ee728b)  -> (artifact id: '19259fb6e6fb04cce1f5094e17e0cde4') in 0.007598 seconds
Number of updated asset objects reloaded before import = 0
Number of asset objects unloaded after import = 1
========================================================================
Received Import Request.
  Time since last request: 0.039892 seconds.
  path: Assets/Easy Primitive People/Materials/Black.mat
  artifactKey: Guid(69b1da7131228d34c9cf34b07580df18) Importer(815301076,1909f56bfc062723c751e8b465ee728b)
Start importing Assets/Easy Primitive People/Materials/Black.mat using Guid(69b1da7131228d34c9cf34b07580df18) Importer(815301076,1909f56bfc062723c751e8b465ee728b)  -> (artifact id: 'c7d7024e175d7df5b80720bf82465a83') in 0.005551 seconds
Number of updated asset objects reloaded before import = 0
Number of asset objects unloaded after import = 1
========================================================================
Received Import Request.
  Time since last request: 0.906461 seconds.
  path: Assets/ONDAD/Alert Panels/Materials/BLUR_MAT.mat
  artifactKey: Guid(588a2168bba1a4ac2937afb732b3b196) Importer(815301076,1909f56bfc062723c751e8b465ee728b)
Start importing Assets/ONDAD/Alert Panels/Materials/BLUR_MAT.mat using Guid(588a2168bba1a4ac2937afb732b3b196) Importer(815301076,1909f56bfc062723c751e8b465ee728b)  -> (artifact id: 'c06c8d6bc4b1bdaf2bd6c6add5d95262') in 0.079703 seconds
Number of updated asset objects reloaded before import = 0
Number of asset objects unloaded after import = 2
========================================================================
Received Import Request.
  Time since last request: 0.021267 seconds.
  path: Assets/Easy Primitive People/Materials/Denim.mat
  artifactKey: Guid(06e292c9b207d8a428c86ae9e6b5c985) Importer(815301076,1909f56bfc062723c751e8b465ee728b)
Start importing Assets/Easy Primitive People/Materials/Denim.mat using Guid(06e292c9b207d8a428c86ae9e6b5c985) Importer(815301076,1909f56bfc062723c751e8b465ee728b)  -> (artifact id: 'a231774bd0909aa9ea79b4fa96621c14') in 0.004750 seconds
Number of updated asset objects reloaded before import = 0
Number of asset objects unloaded after import = 1
========================================================================
Received Import Request.
  Time since last request: 0.355894 seconds.
  path: Assets/ONDAD/Alert Panels/Fonts/Poppins/Poppins-ThinItalic.ttf
  artifactKey: Guid(80039bdd4159d4faa868542d097b4cda) Importer(815301076,1909f56bfc062723c751e8b465ee728b)
Start importing Assets/ONDAD/Alert Panels/Fonts/Poppins/Poppins-ThinItalic.ttf using Guid(80039bdd4159d4faa868542d097b4cda) Importer(815301076,1909f56bfc062723c751e8b465ee728b)  -> (artifact id: '586caabbfd4fbc4a5566a853aa76a67f') in 0.008454 seconds
Number of updated asset objects reloaded before import = 0
Number of asset objects unloaded after import = 4
========================================================================
Received Import Request.
  Time since last request: 0.070425 seconds.
  path: Assets/ONDAD/Alert Panels/Fonts/Poppins/Poppins-SemiBoldItalic.ttf
  artifactKey: Guid(b651e1ba8aa1f4960aae54ebc60d11f3) Importer(815301076,1909f56bfc062723c751e8b465ee728b)
Start importing Assets/ONDAD/Alert Panels/Fonts/Poppins/Poppins-SemiBoldItalic.ttf using Guid(b651e1ba8aa1f4960aae54ebc60d11f3) Importer(815301076,1909f56bfc062723c751e8b465ee728b)  -> (artifact id: '4a8b9bfb05d1e19cf2ad283b1205f573') in 0.008199 seconds
Number of updated asset objects reloaded before import = 0
Number of asset objects unloaded after import = 4
========================================================================
Received Import Request.
  Time since last request: 0.038287 seconds.
  path: Assets/ONDAD/Alert Panels/Fonts/Poppins/Poppins-Regular.ttf
  artifactKey: Guid(a18ad7d6b09664429bd17f69df2963f4) Importer(815301076,1909f56bfc062723c751e8b465ee728b)
Start importing Assets/ONDAD/Alert Panels/Fonts/Poppins/Poppins-Regular.ttf using Guid(a18ad7d6b09664429bd17f69df2963f4) Importer(815301076,1909f56bfc062723c751e8b465ee728b)  -> (artifact id: '0d7efdd596e218de1fe3f11c7df7c825') in 0.010863 seconds
Number of updated asset objects reloaded before import = 0
Number of asset objects unloaded after import = 4
========================================================================
Received Import Request.
  Time since last request: 0.052443 seconds.
  path: Assets/Photon/PhotonUnityNetworking/Demos/Shared Assets/Skin/eurof35.ttf
  artifactKey: Guid(954746d370bc8934299c8c8267543f4f) Importer(815301076,1909f56bfc062723c751e8b465ee728b)
Start importing Assets/Photon/PhotonUnityNetworking/Demos/Shared Assets/Skin/eurof35.ttf using Guid(954746d370bc8934299c8c8267543f4f) Importer(815301076,1909f56bfc062723c751e8b465ee728b)  -> (artifact id: '02fa4bc8a0e22bf56a0d07a05e926e0a') in 0.011838 seconds
Number of updated asset objects reloaded before import = 0
Number of asset objects unloaded after import = 4
========================================================================
Received Import Request.
  Time since last request: 0.046476 seconds.
  path: Assets/Photon/PhotonChat/Demos/DemoChat/Files/Jura-Medium.ttf
  artifactKey: Guid(5abfb0a229c98b3499cffa6c59c2ffb4) Importer(815301076,1909f56bfc062723c751e8b465ee728b)
Start importing Assets/Photon/PhotonChat/Demos/DemoChat/Files/Jura-Medium.ttf using Guid(5abfb0a229c98b3499cffa6c59c2ffb4) Importer(815301076,1909f56bfc062723c751e8b465ee728b)  -> (artifact id: 'c45eddd4f2567b1708ad477eb06d3125') in 0.007151 seconds
Number of updated asset objects reloaded before import = 0
Number of asset objects unloaded after import = 4
========================================================================
Received Import Request.
  Time since last request: 0.812916 seconds.
  path: Assets/ONDAD/Alert Panels/Fonts/Poppins/Poppins-Italic.ttf
  artifactKey: Guid(1a023c85293eb44eaaedf2174e658b73) Importer(815301076,1909f56bfc062723c751e8b465ee728b)
Start importing Assets/ONDAD/Alert Panels/Fonts/Poppins/Poppins-Italic.ttf using Guid(1a023c85293eb44eaaedf2174e658b73) Importer(815301076,1909f56bfc062723c751e8b465ee728b)  -> (artifact id: '2978533e54d4dae095cbcb8036878265') in 0.008327 seconds
Number of updated asset objects reloaded before import = 0
Number of asset objects unloaded after import = 4
========================================================================
Received Import Request.
  Time since last request: 0.040143 seconds.
  path: Assets/ONDAD/Alert Panels/Fonts/Poppins/Poppins-ExtraLight.ttf
  artifactKey: Guid(eb3e8af0039374295b60a4b90bdf9a56) Importer(815301076,1909f56bfc062723c751e8b465ee728b)
Start importing Assets/ONDAD/Alert Panels/Fonts/Poppins/Poppins-ExtraLight.ttf using Guid(eb3e8af0039374295b60a4b90bdf9a56) Importer(815301076,1909f56bfc062723c751e8b465ee728b)  -> (artifact id: 'ce7a6d89d0768baa94a4cf5e3717c8ea') in 0.011153 seconds
Number of updated asset objects reloaded before import = 0
Number of asset objects unloaded after import = 4
========================================================================
Received Import Request.
  Time since last request: 0.000018 seconds.
  path: Assets/ONDAD/Alert Panels/Fonts/Poppins/Poppins-Bold.ttf
  artifactKey: Guid(8b3b450cc270547dfb0957c6a3884d4b) Importer(815301076,1909f56bfc062723c751e8b465ee728b)
Start importing Assets/ONDAD/Alert Panels/Fonts/Poppins/Poppins-Bold.ttf using Guid(8b3b450cc270547dfb0957c6a3884d4b) Importer(815301076,1909f56bfc062723c751e8b465ee728b)  -> (artifact id: '66b78f3cc597eaa2cb95dbd53883bcc2') in 0.010222 seconds
Number of updated asset objects reloaded before import = 0
Number of asset objects unloaded after import = 4
========================================================================
Received Import Request.
  Time since last request: 0.028677 seconds.
  path: Assets/ONDAD/Alert Panels/Fonts/Poppins/Poppins-Black.ttf
  artifactKey: Guid(a19ec0c0bec844ee69ccaa8c528f86f4) Importer(815301076,1909f56bfc062723c751e8b465ee728b)
Start importing Assets/ONDAD/Alert Panels/Fonts/Poppins/Poppins-Black.ttf using Guid(a19ec0c0bec844ee69ccaa8c528f86f4) Importer(815301076,1909f56bfc062723c751e8b465ee728b)  -> (artifact id: 'b600b69d3db8e472bc53c04be2cc6a14') in 0.009116 seconds
Number of updated asset objects reloaded before import = 0
Number of asset objects unloaded after import = 4
========================================================================
Received Import Request.
  Time since last request: 0.041814 seconds.
  path: Assets/Photon/PhotonUnityNetworking/Demos/DemoSlotRacer/Kenney Assets/Stylized city/Materials/leaves_palm_243.mat
  artifactKey: Guid(6fe15af0e28a31a43bf683296709c6b0) Importer(815301076,1909f56bfc062723c751e8b465ee728b)
Start importing Assets/Photon/PhotonUnityNetworking/Demos/DemoSlotRacer/Kenney Assets/Stylized city/Materials/leaves_palm_243.mat using Guid(6fe15af0e28a31a43bf683296709c6b0) Importer(815301076,1909f56bfc062723c751e8b465ee728b)  -> (artifact id: '3a5222bbbc63d2b596a7d17b2ecbea0a') in 0.009484 seconds
Number of updated asset objects reloaded before import = 0
Number of asset objects unloaded after import = 1
========================================================================
Received Import Request.
  Time since last request: 0.000018 seconds.
  path: Assets/Easy Primitive People/Materials/Maroon.mat
  artifactKey: Guid(234c71d1180eb6a49915e2a8b87a48d9) Importer(815301076,1909f56bfc062723c751e8b465ee728b)
Start importing Assets/Easy Primitive People/Materials/Maroon.mat using Guid(234c71d1180eb6a49915e2a8b87a48d9) Importer(815301076,1909f56bfc062723c751e8b465ee728b)  -> (artifact id: '5df4f2881acf824abbd87eac1d9ed701') in 0.004823 seconds
Number of updated asset objects reloaded before import = 0
Number of asset objects unloaded after import = 1
========================================================================
Received Import Request.
  Time since last request: 0.056335 seconds.
  path: Assets/Easy Primitive People/Materials/Police Blue.mat
  artifactKey: Guid(fd8d6416bc9f1794cae0e723294a4f44) Importer(815301076,1909f56bfc062723c751e8b465ee728b)
Start importing Assets/Easy Primitive People/Materials/Police Blue.mat using Guid(fd8d6416bc9f1794cae0e723294a4f44) Importer(815301076,1909f56bfc062723c751e8b465ee728b)  -> (artifact id: '91a2e150ac8a71600a696aa0460f487f') in 0.004438 seconds
Number of updated asset objects reloaded before import = 0
Number of asset objects unloaded after import = 1
========================================================================
Received Import Request.
  Time since last request: 0.217683 seconds.
  path: Assets/Photon/PhotonUnityNetworking/Demos/Shared Assets/Animations/Materials/SuitMaterial.mat
  artifactKey: Guid(ed4e4079e2e99084d8d914283565fc5c) Importer(815301076,1909f56bfc062723c751e8b465ee728b)
Start importing Assets/Photon/PhotonUnityNetworking/Demos/Shared Assets/Animations/Materials/SuitMaterial.mat using Guid(ed4e4079e2e99084d8d914283565fc5c) Importer(815301076,1909f56bfc062723c751e8b465ee728b)  -> (artifact id: '2ac8eca72e77419059834084f2ff7a63') in 0.004203 seconds
Number of updated asset objects reloaded before import = 0
Number of asset objects unloaded after import = 1
========================================================================
Received Import Request.
  Time since last request: 0.023635 seconds.
  path: Assets/Photon/PhotonUnityNetworking/Demos/DemoSlotRacer/Kenney Assets/Racing Kit/Models/Materials/tankco.mat
  artifactKey: Guid(cceec12884c418c4bb19cef32dc2abc1) Importer(815301076,1909f56bfc062723c751e8b465ee728b)
Start importing Assets/Photon/PhotonUnityNetworking/Demos/DemoSlotRacer/Kenney Assets/Racing Kit/Models/Materials/tankco.mat using Guid(cceec12884c418c4bb19cef32dc2abc1) Importer(815301076,1909f56bfc062723c751e8b465ee728b)  -> (artifact id: '9ec8688285e151f6aca22ddc6919077c') in 0.007167 seconds
Number of updated asset objects reloaded before import = 0
Number of asset objects unloaded after import = 2
========================================================================
Received Import Request.
  Time since last request: 0.039395 seconds.
  path: Assets/POLY STYLE - Platformer Starter Pack/Platformer Starter Pack_URP/Art/Materials/Environments/Terrain-3.mat
  artifactKey: Guid(f5e066bbc98d2224eb4c7bfefad2621f) Importer(815301076,1909f56bfc062723c751e8b465ee728b)
Start importing Assets/POLY STYLE - Platformer Starter Pack/Platformer Starter Pack_URP/Art/Materials/Environments/Terrain-3.mat using Guid(f5e066bbc98d2224eb4c7bfefad2621f) Importer(815301076,1909f56bfc062723c751e8b465ee728b)  -> (artifact id: 'e8a774edaa9d6458aadc067b066ef6a4') in 0.005597 seconds
Number of updated asset objects reloaded before import = 0
Number of asset objects unloaded after import = 1
========================================================================
Received Import Request.
  Time since last request: 0.000014 seconds.
  path: Assets/POLY STYLE - Platformer Starter Pack/Platformer Starter Pack_URP/Art/Materials/Environments/Tree-4.mat
  artifactKey: Guid(5e4af51067072994e99269a436df0c8a) Importer(815301076,1909f56bfc062723c751e8b465ee728b)
Start importing Assets/POLY STYLE - Platformer Starter Pack/Platformer Starter Pack_URP/Art/Materials/Environments/Tree-4.mat using Guid(5e4af51067072994e99269a436df0c8a) Importer(815301076,1909f56bfc062723c751e8b465ee728b)  -> (artifact id: 'e7d3b62af5d03c51ff11347cd50c7085') in 0.006513 seconds
Number of updated asset objects reloaded before import = 0
Number of asset objects unloaded after import = 2
========================================================================
Received Import Request.
  Time since last request: 0.000010 seconds.
  path: Assets/POLY STYLE - Platformer Starter Pack/Platformer Starter Pack_URP/Art/Materials/Environments/Tree-5.mat
  artifactKey: Guid(bdd2afef1279edf40ba5cf5272404b3a) Importer(815301076,1909f56bfc062723c751e8b465ee728b)
Start importing Assets/POLY STYLE - Platformer Starter Pack/Platformer Starter Pack_URP/Art/Materials/Environments/Tree-5.mat using Guid(bdd2afef1279edf40ba5cf5272404b3a) Importer(815301076,1909f56bfc062723c751e8b465ee728b)  -> (artifact id: '52d7b698788eb490c55798d57647f36c') in 0.007548 seconds
Number of updated asset objects reloaded before import = 0
Number of asset objects unloaded after import = 2
========================================================================
Received Import Request.
  Time since last request: 0.012674 seconds.
  path: Assets/Photon/PhotonUnityNetworking/Demos/Shared Assets/Materials/UnitTextureBlue12x.mat
  artifactKey: Guid(c676d877ef241ab4686e2f237b1e2f13) Importer(815301076,1909f56bfc062723c751e8b465ee728b)
Start importing Assets/Photon/PhotonUnityNetworking/Demos/Shared Assets/Materials/UnitTextureBlue12x.mat using Guid(c676d877ef241ab4686e2f237b1e2f13) Importer(815301076,1909f56bfc062723c751e8b465ee728b)  -> (artifact id: '61593001dca213eccf7fc25aa2df9682') in 0.005382 seconds
Number of updated asset objects reloaded before import = 0
Number of asset objects unloaded after import = 2
========================================================================
Received Import Request.
  Time since last request: 0.014649 seconds.
  path: Assets/Photon/PhotonUnityNetworking/Demos/Shared Assets/Materials/UnitTextureRed.mat
  artifactKey: Guid(4c506c95d32f3494e9453ef5c0124b0e) Importer(815301076,1909f56bfc062723c751e8b465ee728b)
Start importing Assets/Photon/PhotonUnityNetworking/Demos/Shared Assets/Materials/UnitTextureRed.mat using Guid(4c506c95d32f3494e9453ef5c0124b0e) Importer(815301076,1909f56bfc062723c751e8b465ee728b)  -> (artifact id: '728dffc204d96115ba7550f2d3c09ae7') in 0.005959 seconds
Number of updated asset objects reloaded before import = 0
Number of asset objects unloaded after import = 2
========================================================================
Received Import Request.
  Time since last request: 0.015942 seconds.
  path: Assets/Photon/PhotonUnityNetworking/Demos/DemoSlotRacer/Kenney Assets/Racing Kit/Models/Materials/white.mat
  artifactKey: Guid(db16216c3f288ea4eb77dfefecada55a) Importer(815301076,1909f56bfc062723c751e8b465ee728b)
Start importing Assets/Photon/PhotonUnityNetworking/Demos/DemoSlotRacer/Kenney Assets/Racing Kit/Models/Materials/white.mat using Guid(db16216c3f288ea4eb77dfefecada55a) Importer(815301076,1909f56bfc062723c751e8b465ee728b)  -> (artifact id: 'd3f76372c5324b82d39f7052a778850d') in 0.007416 seconds
Number of updated asset objects reloaded before import = 0
Number of asset objects unloaded after import = 1
========================================================================
Received Import Request.
  Time since last request: 0.000015 seconds.
  path: Assets/Easy Primitive People/Materials/Wood.mat
  artifactKey: Guid(1c0c3bf6593d6d046aee3ca2dd3153ed) Importer(815301076,1909f56bfc062723c751e8b465ee728b)
Start importing Assets/Easy Primitive People/Materials/Wood.mat using Guid(1c0c3bf6593d6d046aee3ca2dd3153ed) Importer(815301076,1909f56bfc062723c751e8b465ee728b)  -> (artifact id: '9631be6e25f827464ab1cee265769ed1') in 0.004474 seconds
Number of updated asset objects reloaded before import = 0
Number of asset objects unloaded after import = 1
========================================================================
Received Import Request.
  Time since last request: 0.012261 seconds.
  path: Assets/Photon/PhotonUnityNetworking/Demos/DemoProcedural/Materials/Yellow.mat
  artifactKey: Guid(90623549d4482f042ade35d8a0758e35) Importer(815301076,1909f56bfc062723c751e8b465ee728b)
Start importing Assets/Photon/PhotonUnityNetworking/Demos/DemoProcedural/Materials/Yellow.mat using Guid(90623549d4482f042ade35d8a0758e35) Importer(815301076,1909f56bfc062723c751e8b465ee728b)  -> (artifact id: '968cd407ef04acf6f9f411492323d5a4') in 0.005105 seconds
Number of updated asset objects reloaded before import = 0
Number of asset objects unloaded after import = 1
========================================================================
Received Prepare
Begin MonoManager ReloadAssembly
- Loaded All Assemblies, in  0.370 seconds
Refreshing native plugins compatible for Editor in 2.18 ms, found 3 plugins.
Native extension for WindowsStandalone target not found
Mono: successfully reloaded assembly
- Finished resetting the current domain, in  0.913 seconds
Domain Reload Profiling: 1282ms
	BeginReloadAssembly (140ms)
		ExecutionOrderSort (0ms)
		DisableScriptedObjects (4ms)
		BackupInstance (0ms)
		ReleaseScriptingObjects (0ms)
		CreateAndSetChildDomain (38ms)
	RebuildCommonClasses (28ms)
	RebuildNativeTypeToScriptingClass (10ms)
	initialDomainReloadingComplete (21ms)
	LoadAllAssembliesAndSetupDomain (171ms)
		LoadAssemblies (224ms)
		RebuildTransferFunctionScriptingTraits (0ms)
		AnalyzeDomain (14ms)
			TypeCache.Refresh (6ms)
				TypeCache.ScanAssembly (0ms)
			ScanForSourceGeneratedMonoScriptInfo (0ms)
			ResolveRequiredComponents (7ms)
	FinalizeReload (913ms)
		ReleaseScriptCaches (0ms)
		RebuildScriptCaches (0ms)
		SetupLoadedEditorAssemblies (628ms)
			LogAssemblyErrors (0ms)
			InitializePlatformSupportModulesInManaged (4ms)
			SetLoadedEditorAssemblies (4ms)
			RefreshPlugins (0ms)
			BeforeProcessingInitializeOnLoad (53ms)
			ProcessInitializeOnLoadAttributes (542ms)
			ProcessInitializeOnLoadMethodAttributes (22ms)
			AfterProcessingInitializeOnLoad (3ms)
			EditorAssembliesLoaded (0ms)
		ExecutionOrderSort2 (0ms)
		AwakeInstancesAfterBackupRestoration (8ms)
Refreshing native plugins compatible for Editor in 3.20 ms, found 3 plugins.
Preloading 0 native plugins for Editor in 0.00 ms.
Unloading 3581 Unused Serialized files (Serialized files now loaded: 0)
Unloading 44 unused Assets / (1.3 MB). Loaded Objects now: 4146.
Memory consumption went from 225.7 MB to 224.4 MB.
Total: 2.764500 ms (FindLiveObjects: 0.295900 ms CreateObjectMapping: 0.264100 ms MarkObjects: 1.985400 ms  DeleteObjects: 0.218500 ms)

Prepare: number of updated asset objects reloaded= 0
AssetImportParameters requested are different than current active one (requested -> active):
  custom:container-demuxer-ogg: 62fdf1f143b41e24485cea50d1cbac27 -> 
  custom:video-decoder-ogg-theora: a1e56fd34408186e4bbccfd4996cb3dc -> 
  custom:framework-win-MediaFoundation: 216162199b28c13a410421893ffa2e32 -> 
  custom:CustomObjectIndexerAttribute: 43b350a4d6e6d1791af0b5038c4bea17 -> 
  custom:container-demuxer-webm: 4f35f7cbe854078d1ac9338744f61a02 -> 
  custom:container-muxer-webm: aa71ff27fc2769a1b78a27578f13a17b -> 
  custom:video-decoder-webm-vp8: 9c59270c3fd7afecdb556c50c9e8de78 -> 
  custom:SearchIndexIgnoredProperties: e643bd26f0fe6173181afceb89e7c659 -> 
  custom:AudioImporter_EditorPlatform: d09bf68614088b80899f8185d706f6e7 -> 
  custom:video-encoder-webm-vp8: eb34c28f22e8b96e1ab97ce403110664 -> 
  custom:audio-decoder-ogg-vorbis: bf7c407c2cedff20999df2af8eb42d56 -> 
  custom:audio-encoder-webm-vorbis: bf7c407c2cedff20999df2af8eb42d56 -> 
========================================================================
Received Prepare
Begin MonoManager ReloadAssembly
- Loaded All Assemblies, in  0.380 seconds
Refreshing native plugins compatible for Editor in 2.01 ms, found 3 plugins.
Native extension for WindowsStandalone target not found
Mono: successfully reloaded assembly
- Finished resetting the current domain, in  0.852 seconds
Domain Reload Profiling: 1232ms
	BeginReloadAssembly (135ms)
		ExecutionOrderSort (0ms)
		DisableScriptedObjects (6ms)
		BackupInstance (0ms)
		ReleaseScriptingObjects (0ms)
		CreateAndSetChildDomain (38ms)
	RebuildCommonClasses (27ms)
	RebuildNativeTypeToScriptingClass (10ms)
	initialDomainReloadingComplete (21ms)
	LoadAllAssembliesAndSetupDomain (186ms)
		LoadAssemblies (236ms)
		RebuildTransferFunctionScriptingTraits (0ms)
		AnalyzeDomain (15ms)
			TypeCache.Refresh (7ms)
				TypeCache.ScanAssembly (0ms)
			ScanForSourceGeneratedMonoScriptInfo (0ms)
			ResolveRequiredComponents (7ms)
	FinalizeReload (853ms)
		ReleaseScriptCaches (0ms)
		RebuildScriptCaches (0ms)
		SetupLoadedEditorAssemblies (573ms)
			LogAssemblyErrors (0ms)
			InitializePlatformSupportModulesInManaged (4ms)
			SetLoadedEditorAssemblies (4ms)
			RefreshPlugins (0ms)
			BeforeProcessingInitializeOnLoad (52ms)
			ProcessInitializeOnLoadAttributes (491ms)
			ProcessInitializeOnLoadMethodAttributes (19ms)
			AfterProcessingInitializeOnLoad (2ms)
			EditorAssembliesLoaded (0ms)
		ExecutionOrderSort2 (0ms)
		AwakeInstancesAfterBackupRestoration (6ms)
Refreshing native plugins compatible for Editor in 2.25 ms, found 3 plugins.
Preloading 0 native plugins for Editor in 0.00 ms.
Unloading 3580 Unused Serialized files (Serialized files now loaded: 0)
Unloading 44 unused Assets / (1.3 MB). Loaded Objects now: 4150.
Memory consumption went from 227.2 MB to 226.0 MB.
Total: 3.265200 ms (FindLiveObjects: 0.441300 ms CreateObjectMapping: 0.339500 ms MarkObjects: 2.246400 ms  DeleteObjects: 0.237100 ms)

Prepare: number of updated asset objects reloaded= 0
AssetImportParameters requested are different than current active one (requested -> active):
  custom:container-demuxer-ogg: 62fdf1f143b41e24485cea50d1cbac27 -> 
  custom:video-decoder-ogg-theora: a1e56fd34408186e4bbccfd4996cb3dc -> 
  custom:framework-win-MediaFoundation: 216162199b28c13a410421893ffa2e32 -> 
  custom:CustomObjectIndexerAttribute: 43b350a4d6e6d1791af0b5038c4bea17 -> 
  custom:container-demuxer-webm: 4f35f7cbe854078d1ac9338744f61a02 -> 
  custom:container-muxer-webm: aa71ff27fc2769a1b78a27578f13a17b -> 
  custom:video-decoder-webm-vp8: 9c59270c3fd7afecdb556c50c9e8de78 -> 
  custom:SearchIndexIgnoredProperties: e643bd26f0fe6173181afceb89e7c659 -> 
  custom:AudioImporter_EditorPlatform: d09bf68614088b80899f8185d706f6e7 -> 
  custom:video-encoder-webm-vp8: eb34c28f22e8b96e1ab97ce403110664 -> 
  custom:audio-decoder-ogg-vorbis: bf7c407c2cedff20999df2af8eb42d56 -> 
  custom:audio-encoder-webm-vorbis: bf7c407c2cedff20999df2af8eb42d56 -> 
========================================================================
Received Import Request.
  Time since last request: 465.148465 seconds.
  path: Assets/Scenes/Game.unity
  artifactKey: Guid(6ca3674c48c01834083fd3b08f384359) Importer(815301076,1909f56bfc062723c751e8b465ee728b)
Start importing Assets/Scenes/Game.unity using Guid(6ca3674c48c01834083fd3b08f384359) Importer(815301076,1909f56bfc062723c751e8b465ee728b)  -> (artifact id: 'ce94bf70d8cf8ebe7ea1f77487346cdc') in 0.001766 seconds
Number of updated asset objects reloaded before import = 0
Number of asset objects unloaded after import = 0
========================================================================
Received Import Request.
  Time since last request: 1276.401899 seconds.
  path: Assets/Game-Post-processing Profile.asset
  artifactKey: Guid(2eb4bd7f8129fbb49bb41b4b057f81ed) Importer(815301076,1909f56bfc062723c751e8b465ee728b)
Start importing Assets/Game-Post-processing Profile.asset using Guid(2eb4bd7f8129fbb49bb41b4b057f81ed) Importer(815301076,1909f56bfc062723c751e8b465ee728b)  -> (artifact id: '06369018f8e7cf7a542407549417eacc') in 0.015604 seconds
Number of updated asset objects reloaded before import = 0
Number of asset objects unloaded after import = 4
========================================================================
Received Import Request.
  Time since last request: 66.504768 seconds.
  path: Assets/Photon/PhotonUnityNetworking/Demos/Shared Assets/Skin/DropDown Arrow.png
  artifactKey: Guid(936345f7fc3934efa8119a8700d904c7) Importer(815301076,1909f56bfc062723c751e8b465ee728b)
Start importing Assets/Photon/PhotonUnityNetworking/Demos/Shared Assets/Skin/DropDown Arrow.png using Guid(936345f7fc3934efa8119a8700d904c7) Importer(815301076,1909f56bfc062723c751e8b465ee728b)  -> (artifact id: 'c8e7047ba5b59da826456dcf9b579c02') in 0.059146 seconds
Number of updated asset objects reloaded before import = 0
Number of asset objects unloaded after import = 3
========================================================================
Received Import Request.
  Time since last request: 0.000014 seconds.
  path: Assets/Photon/PhotonChat/Demos/DemoChat/Files/PunIcon-White-129.png
  artifactKey: Guid(37b0a18b391c6ae468b5bcc74bba2c1a) Importer(815301076,1909f56bfc062723c751e8b465ee728b)
Start importing Assets/Photon/PhotonChat/Demos/DemoChat/Files/PunIcon-White-129.png using Guid(37b0a18b391c6ae468b5bcc74bba2c1a) Importer(815301076,1909f56bfc062723c751e8b465ee728b)  -> (artifact id: '2444b4fa94cd534c0cd089931e4b597f') in 0.009267 seconds
Number of updated asset objects reloaded before import = 0
Number of asset objects unloaded after import = 3
========================================================================
Received Import Request.
  Time since last request: 0.000012 seconds.
  path: Assets/Photon/PhotonUnityNetworking/Demos/DemoHub/Sprites/toHub.png
  artifactKey: Guid(9587663c4d27e47b19a118aabaac4a08) Importer(815301076,1909f56bfc062723c751e8b465ee728b)
Start importing Assets/Photon/PhotonUnityNetworking/Demos/DemoHub/Sprites/toHub.png using Guid(9587663c4d27e47b19a118aabaac4a08) Importer(815301076,1909f56bfc062723c751e8b465ee728b)  -> (artifact id: 'ff41316796fc184e2121f33f5b1ba1e0') in 0.015679 seconds
Number of updated asset objects reloaded before import = 0
Number of asset objects unloaded after import = 3
========================================================================
Received Import Request.
  Time since last request: 0.000013 seconds.
  path: Assets/ONDAD/Alert Panels/Graphics/Panels_SpriteSheet.png
  artifactKey: Guid(b40a51228eb924f2d9cd2210ddd6ccfb) Importer(815301076,1909f56bfc062723c751e8b465ee728b)
Start importing Assets/ONDAD/Alert Panels/Graphics/Panels_SpriteSheet.png using Guid(b40a51228eb924f2d9cd2210ddd6ccfb) Importer(815301076,1909f56bfc062723c751e8b465ee728b)  -> (artifact id: '9fa7b24b9f36108fb119ab209c6166c8') in 0.067176 seconds
Number of updated asset objects reloaded before import = 0
Number of asset objects unloaded after import = 6
========================================================================
Received Import Request.
  Time since last request: 0.000023 seconds.
  path: Assets/Photon/PhotonUnityNetworking/Demos/DemoHub/Sprites/PunIcon-White-129.png
  artifactKey: Guid(56bbc6b42271d4177ac313247f47ac1f) Importer(815301076,1909f56bfc062723c751e8b465ee728b)
Start importing Assets/Photon/PhotonUnityNetworking/Demos/DemoHub/Sprites/PunIcon-White-129.png using Guid(56bbc6b42271d4177ac313247f47ac1f) Importer(815301076,1909f56bfc062723c751e8b465ee728b)  -> (artifact id: '2481188a100dbc4e237be58502c81d55') in 0.021027 seconds
Number of updated asset objects reloaded before import = 0
Number of asset objects unloaded after import = 3
========================================================================
Received Import Request.
  Time since last request: 0.000033 seconds.
  path: Assets/Photon/PhotonUnityNetworking/Demos/DemoHub/Sprites/OutlinedSquaredBox.png
  artifactKey: Guid(c222cd02c447941edb09ecb6433229ce) Importer(815301076,1909f56bfc062723c751e8b465ee728b)
Start importing Assets/Photon/PhotonUnityNetworking/Demos/DemoHub/Sprites/OutlinedSquaredBox.png using Guid(c222cd02c447941edb09ecb6433229ce) Importer(815301076,1909f56bfc062723c751e8b465ee728b)  -> (artifact id: 'cc853131b0316772376f798641bd94d7') in 0.026114 seconds
Number of updated asset objects reloaded before import = 0
Number of asset objects unloaded after import = 3
========================================================================
Received Import Request.
  Time since last request: 0.000010 seconds.
  path: Assets/Sprites/Lobby.png
  artifactKey: Guid(8db11ed1e8064d44181820247e11ca4d) Importer(815301076,1909f56bfc062723c751e8b465ee728b)
Start importing Assets/Sprites/Lobby.png using Guid(8db11ed1e8064d44181820247e11ca4d) Importer(815301076,1909f56bfc062723c751e8b465ee728b)  -> (artifact id: '6f2ebe6da7c72f6041f89edc20ba66da') in 0.019293 seconds
Number of updated asset objects reloaded before import = 0
Number of asset objects unloaded after import = 3
========================================================================
Received Import Request.
  Time since last request: 0.000012 seconds.
  path: Assets/Photon/PhotonChat/Demos/DemoChat/Files/OutlinedSquaredBox.png
  artifactKey: Guid(ea7134547a5488b41a6bb5243b4ec2f1) Importer(815301076,1909f56bfc062723c751e8b465ee728b)
Start importing Assets/Photon/PhotonChat/Demos/DemoChat/Files/OutlinedSquaredBox.png using Guid(ea7134547a5488b41a6bb5243b4ec2f1) Importer(815301076,1909f56bfc062723c751e8b465ee728b)  -> (artifact id: '07977ccd7343d0b9ea66f464f9e57dff') in 0.015461 seconds
Number of updated asset objects reloaded before import = 0
Number of asset objects unloaded after import = 3
========================================================================
Received Import Request.
  Time since last request: 0.000015 seconds.
  path: Assets/PlayFabSDK/Shared/Editor/PlayFablogo.png
  artifactKey: Guid(ec8f5065b10fb4f04bebf82a992c442e) Importer(815301076,1909f56bfc062723c751e8b465ee728b)
Start importing Assets/PlayFabSDK/Shared/Editor/PlayFablogo.png using Guid(ec8f5065b10fb4f04bebf82a992c442e) Importer(815301076,1909f56bfc062723c751e8b465ee728b)  -> (artifact id: '40d74443237f738fee0bacb57d1409ec') in 0.022791 seconds
Number of updated asset objects reloaded before import = 0
Number of asset objects unloaded after import = 3
========================================================================
Received Import Request.
  Time since last request: 0.000018 seconds.
  path: Assets/Sprites/Scenery_1.png
  artifactKey: Guid(f73ea72511878c04b8934e5e726c7be3) Importer(815301076,1909f56bfc062723c751e8b465ee728b)
Start importing Assets/Sprites/Scenery_1.png using Guid(f73ea72511878c04b8934e5e726c7be3) Importer(815301076,1909f56bfc062723c751e8b465ee728b)  -> (artifact id: 'ca1cf09880f776bfa799d201841b1440') in 0.021341 seconds
Number of updated asset objects reloaded before import = 0
Number of asset objects unloaded after import = 3
========================================================================
Received Import Request.
  Time since last request: 0.000012 seconds.
  path: Assets/Photon/PhotonUnityNetworking/Icons/PunIcon-128.png
  artifactKey: Guid(bd293dc32f4aaf94e8274f2fac2cdf89) Importer(815301076,1909f56bfc062723c751e8b465ee728b)
Start importing Assets/Photon/PhotonUnityNetworking/Icons/PunIcon-128.png using Guid(bd293dc32f4aaf94e8274f2fac2cdf89) Importer(815301076,1909f56bfc062723c751e8b465ee728b)  -> (artifact id: '6905f2864d70671b79a2113d759e8f10') in 0.012674 seconds
Number of updated asset objects reloaded before import = 0
Number of asset objects unloaded after import = 3
========================================================================
Received Import Request.
  Time since last request: 0.000012 seconds.
  path: Assets/Photon/PhotonUnityNetworking/Demos/DemoHub/Sprites/Gradient.png
  artifactKey: Guid(66efb24ed46044ab8a039599cbc47d7b) Importer(815301076,1909f56bfc062723c751e8b465ee728b)
Start importing Assets/Photon/PhotonUnityNetworking/Demos/DemoHub/Sprites/Gradient.png using Guid(66efb24ed46044ab8a039599cbc47d7b) Importer(815301076,1909f56bfc062723c751e8b465ee728b)  -> (artifact id: 'd709a52a5e208cc0a0e4c1b66f723f12') in 0.010859 seconds
Number of updated asset objects reloaded before import = 0
Number of asset objects unloaded after import = 3
Editor requested this worker to shutdown with reason: Scaling down because of idle timeout
TcpMessagingSession - receive error: operation aborted. errorcode: 995, details: 스레드 종료 또는 응용 프로그램 요청 때문에 I/O 작업이 취소되었습니다.
AssetImportWorker is now disconnected from the server
Process exiting
Exiting without the bug reporter. Application will terminate with return code 0