{"cameraMode":{"drawMode":0,"name":"Shaded","section":"Shading Mode"},"sceneLighting":false,"audioPlay":false,"sceneViewState":{"m_AlwaysRefresh":false,"showFog":true,"showSkybox":false,"showFlares":true,"showImageEffects":true,"showParticleSystems":true,"showVisualEffectGraphs":true,"m_FxEnabled":true},"in2DMode":false,"pivot":{"x":0.025412611663341523,"y":0.20790913701057435,"z":0.17917373776435853},"rotation":{"x":0.00768261356279254,"y":-0.99163419008255,"z":0.1078251302242279,"w":0.07063021510839462},"size":1.5993497371673585,"orthographic":false}